body,title
"
El West Ham ha informado que ha destituido a su entrenador, Manuel Pellegrini. Esto se confirmÃ³ luego de la derrota encajada en casa por 2-1 ante el Leicester City. Y es que esa fue la novena caÃ­da en los Ãºltimos doce partidos.
Pellegrini, de 66 aÃ±os, se marcha del West Ham despuÃ©s de 18 meses al frente del equipo y tras haber sido fichado en mayo de 2018 con un contrato de tres aÃ±os. ""Es una gran decepciÃ³n que hayamos tenido que tomar esta decisiÃ³n"", dijo el copresidente del club David Sullivan.
""Ha quedado claro que es necesario un cambio para que el club vuelva a estar en lÃ­nea con nuestras ambiciones. Sentimos que era necesario actuar ahora para dar al nuevo entrenador el mayor tiempo posible para intentar conseguir ese objetivo""
Pellegrini dirigiÃ³ al equipo hasta la dÃ©cima plaza la temporada pasada, pero ahora se convierte en el sexto entrenador de la Premier League que pierde su trabajo en lo que va de temporada.
AdemÃ¡s de su mal momento de forma en la liga, el West Ham tambiÃ©n fue eliminado en septiembre de la Copa de la Liga por el Oxford United, de tercera, ante el que perdiÃ³ por 4-0.
El West Ham ganÃ³ 24 de sus 64 partidos bajo el mando del tÃ©cnico chileno y perdiÃ³ 29. Actualmente, el equipo se ubica en el puesto 17 con 19 unidadesÂ y a tan solo un punto de las posiciones del descenso.
Siga aÂ PublimetroÂ Colombia en Google News
TambiÃ©n le puede interesar:


@import url(https://fonts.googleapis.com/css?family=Fira+Sans:300,400,400i,600);@import url(https://assets.metrolatam.com/assets/oembed.css?v=BS12);

","Â¡AdiÃ³s, Pellegrini! Carlos SÃ¡nchez recibiÃ³ la peor noticia posible para cerrar el 2019"
"
El nuevo comandante del EjÃ©rcito colombiano, general Eduardo Zapateiro, asumiÃ³ este lunes el cargo en medio de una controversia con la familia del futbolista Juan Fernando Quintero, del club argentino River Plate, por la desapariciÃ³n de su padre ocurrida hace 25 aÃ±os.
El general Zapateiro, que tendrÃ¡ bajo su mando a mÃ¡s de 240.000 miembros del EjÃ©rcito, fue designado el pasado viernes por el presidente colombiano, IvÃ¡n Duque, como sucesor del cuestionado general Nicacio MartÃ­nez y hoy pasÃ³ por primera vez revista a la tropa en la Escuela de Cadetes JosÃ© MarÃ­a CÃ³rdova en BogotÃ¡.
Sin embargo, el acto estuvo marcado por la polÃ©mica con la familia de Quintero, que considera que Zapateiro puede tener la respuesta sobre el destino que corriÃ³ su padre, Jaime Enrique Quintero Cano, desaparecido en marzo de 1995 en el departamento de Antioquia (noroeste) cuando prestaba el servicio militar.
Al ser preguntado por las manifestaciones del futbolista, el general dijo a periodistas al concluir la ceremonia oficial que estÃ¡ dispuesto a hablar con Quintero.
""Me uno al sentimiento y al dolor de la familia Quintero, decirle a Juan Fernando Quintero que tambiÃ©n lo respeto, que eres nuestro Ã­dolo futbolista y que las puertas de mi comando en el EjÃ©rcito estarÃ¡n abiertas para ti y tu familia"", expresÃ³ el general.
Sumado a esto, el EjÃ©rcito emitiÃ³ un comunicado en donde expresa que no hay ningÃºn indicio contra el nuevo comandante de las Fuerzas Militares
En atenciÃ³n a la noticia difundida el dÃ­a 28 de diciembre de 2019, relacionada con la presunta desapariciÃ³n del seÃ±or Jaime Enrique Quintero Cano, en el mes de marzo de 1995, el Comando del EjÃ©rcito se permite informar a la opiniÃ³n pÃºblica:
1. Los hechos relatados en algunos medios de comunicaciÃ³n fueron investigados por el Tribunal Administrativo de Antioquia, que profiriÃ³ decisiÃ³n judicial absolutoria mediante auto de fecha 30 de marzo de 2001.
2. Analizados algunos apartes del material probatorio, en el marco del proceso administrativo enunciado, se advirtiÃ³ que:
(â¦) Las conclusiones de la procuradurÃ­a delegada para la defensa de los derechos humanos, las cuales comparte la sala en su totalidad, permiten afirmar que no existe prueba alguna de la responsabilidad de los servidores pÃºblicos ni por acciÃ³n ni por omisiÃ³n por la presunta desapariciÃ³n del seÃ±or Jaime Enrique Quintero Cano.
(â¦) AsÃ­ las cosas, la sala considera que no existiÃ³ por parte de la administraciÃ³n una falta o falla del servicio por omisiÃ³n que permitan deducir una responsabilidad de la demandada. Todo lo anterior permite emitir un fallo absolutorio.
3. Tanto el Tribunal Administrativo de Antioquia, Sala Segunda de descongestiÃ³n de MedellÃ­n, como la ProcuradurÃ­a Delegada para la Defensa de los Derechos Humanos, en decisiones judiciales debidamente ejecutoriadas, concluyen que por la desapariciÃ³n de Jaime Enrique Quintero Cano no existe prueba de responsabilidad contra el capitÃ¡n comandante de CompaÃ±Ã­a de InstrucciÃ³n Eduardo Enrique Zapateiro Altamiranda, hoy mayor general designado como comandante del EjÃ©rcito, asÃ­ como en contra de ningÃºn integrante del EjÃ©rcito Nacional.
4. El EjÃ©rcito Nacional lamenta profundamente el hecho victimizante sufrido por la familia Quintero Cano, el cual deja en evidencia el actuar de grupos ilegales en esa zona, y que condujo a la desapariciÃ³n del seÃ±or Quintero.
5. Respetuosos de la labor de informaciÃ³n y del derecho a la verdad de la familia Quintero, se invita a tener como fuentes las decisiones judiciales que ya existen, cuya consulta puede llevarse a cabo en razÃ³n a lo resuelto.
",Nuevo comandante del EjÃ©rcito le respondiÃ³ a Juan Fernando Quintero
"
Al menos 77 exguerrilleros de las FARC fueron asesinados en Colombia este aÃ±o, con lo cual se eleva a 173 el total desde que se firmÃ³ la paz con el Gobierno, en noviembre de 2016, segÃºn un informe del secretario General de la ONU sobre los avances de la MisiÃ³n de VerificaciÃ³n divulgado este martes.
""El nÃºmero total de asesinatos desde la firma del Acuerdo Final de Paz llega ahora a 173, ademÃ¡s de 14 desapariciones y 29 intentos de homicidio"", seÃ±ala el documento divulgado en BogotÃ¡ y que serÃ¡ presentado ante el Consejo de Seguridad de las ONU en Nueva York el 13 de enero de 2020.
En el informe, el secretario general de la ONU, Antonio Guterres, reitera su llamado ""para que se adopten medidas mÃ¡s efectivas para proteger la vida de los y las excombatientes, teniendo en cuenta especialmente que el 2019 ha sido el aÃ±o mÃ¡s violento para los exmiembros de las FARC-EP"".
","En 2019 asesinaron a 77 excombatientes de las Farc, segÃºn la ONU"
"
En medio de los procesos que tiene que enfrentar el expresidente Juan Manuel Santos por el caso de dineros de Odebrecht, que ingresaron a su campaÃ±a, se conociÃ³ quiÃ©n es el abogado que lo representarÃ¡ en el Congreso.
En el momento hay dos procesos en donde Santos estÃ¡ vinculado, uno en el Consejo Nacional Electoral (CNE) en donde lo representa el abogado Alfonso Portela y otro en la ComisiÃ³n de acusaciones de la CÃ¡mara de Representantes.
Es ante esta instituciÃ³n, en donde el exsecretario de la Presidencia, Alfonso Prada, exdirector del Sena e involucrado en polÃ©micas por supuestos actos de corrupciÃ³n, representarÃ¡ jurÃ­dicamente a Santos.
El expresidente pactÃ³ honorarios con Prada por mÃ¡s de 400 millones de pesos y tal y como lo revelÃ³ al emisora La F.m.,estos son pagados por el Estado y no por el antecesor de IvÃ¡n Duque.
La razÃ³n es que hay una pÃ³liza que cubre estos gastos, pues en la ley estÃ¡ establecido que los procesos que surtan los funcionarios pÃºblicos, deben ser financiados por el Estado y no por las instituciones.
âEste es un desembolso producto de una pÃ³liza que firma el Estado para proteger a las entidades y a los funcionarios cuando en ejercicio de su cargo se ven enfrentados a demandas o hechos jurÃ­dicos en los que tienen que defenderseâ, seÃ±alÃ³ la emisora.
A muchos se les hizo raro que fuera Prada, porque ejecutÃ³ cargos mÃ¡s polÃ­ticos, pero Ã©l mismo seÃ±alÃ³ al medio de comunicaciÃ³n que fu profesor, litigante y que conoce muy bien el funcionamiento del sector pÃºblico.
""Conozco muy bien el funcionamiento del Estado, soy abogado experto en temas pÃºblicos, he sido profesor de derecho 25 aÃ±os y litiguÃ© hace muchos aÃ±osâ, seÃ±alÃ³ Prada.

La especialidad de formaciÃ³n que definimos cuando decidimos construirla, es en MetalmecÃ¡nica, atendiendo el traslado de industrias del sector a Malambo! Esto es lo que llamamos pertinencia para la empleabilidad de los Egresados del @SENAComunica
— Alfonso Prada (@alfonsoprada) December 31, 2019

 
",La millonada que nos costÃ³ el abogado de Santos por caso Odebrecht
"
Â¡Tanto asÃ­ que actuaba, pero ya no lo hace! Â¿Ya no lo necesita? La vida de lujo que tiene ahora una ex-Protagonista de Novela.
El reality de RCN, en cualquiera de sus formatos, ha dado de quÃ© hablar por sus participantes.
Muchos de ellos han logrado cumplir sus sueÃ±os de convertirse en actores y presentadores.
Aunque claro, tambiÃ©n han habido otros que, a pesar de no estar completamente en la pantalla chica, llevan una vida que mÃ¡s de uno envidiarÃ­a.
Ese es el caso de Ximena Duque, quien hizo parte del reality en su versiÃ³n 2003.
En sus redes sociales no duda en mostrar la hermosa familia que tiene, con la cual ha podido viajar alrededor del mundo.

  ",La vida de lujo que tiene ahora una ex-Protagonista de Novela
"
La inminente salida de Carles AleÃ±Ã¡, quien se espera que en breve firme una cesiÃ³n al Betis, cerrarÃ¡ el traspaso del chileno Arturo Vidal al Inter, apuntan diferentes fuentes barcelonistas.
Lo mÃ¡s probable es que el jugador catalÃ¡n seaÂ cedido en este mercado de invierno al Betis. El contrato que firmarÃ­a serÃ­a hasta final de temporada. Eso sÃ­, sin opciÃ³n a compra por parte del equipo andaluz.
La joven promesa de La MasiaÂ no ha tenidoÂ muchas oportunidades y desea foguearse en un equipo de La Liga. Y es que el objetivo es sumar minutos. AdemÃ¡s, hacerse con un protagonismo que ahora mismo no los encuentra en el BarÃ§a.
Si finalmente se concreta esta cesiÃ³n, el Barcelona no darÃ¡ ninguna facilidad para que Arturo Vidal llegue alÂ Inter. El chileno ha manifestado pÃºblicamente que desea jugar, y en el BarÃ§a no tiene la continuidad que esperaba. Sin embargo, aparentemente, continuarÃ¡ en las filas culÃ©s.
Lo particular del caso es que los problemas no terminan ahÃ­ para Vidal. SegÃºn informÃ³ El VBAR, el chileno ""habrÃ­a interpuesto una demanda contra Barcelona, debido al incumplimiento de pago en bonificaciones y premios, que equivale a 2.4 millones de euros"".
 

#ElVBARCaracol 
â½ð¨ð±Arturo Vidal habrÃ­a interpuesto una demanda contra Barcelona, debido al incumplimiento de pago en bonificaciones y premios, que equivalen a 2,4M de euros 
â¡ï¸El reclamo fue hecho a la ComisiÃ³n Mixta de La Liga y a la AFE pic.twitter.com/4fYAffSD1V
— El VBAR (@VBarCaracol) December 27, 2019

Siga aÂ PublimetroÂ Colombia en Google News
TambiÃ©n le puede interesar:


@import url(https://fonts.googleapis.com/css?family=Fira+Sans:300,400,400i,600);@import url(https://assets.metrolatam.com/assets/oembed.css?v=BS12);

",Figura del Barcelona habrÃ­a demandado al club por incumplimiento de pago ante la ComisiÃ³n de La Liga
"
Un nuevo aÃ±o tambiÃ©n implica la llegada de nuevas producciones a la televisiÃ³n colombiana. Y por supuesto, Caracol no se va a quedar atrÃ¡s a la hora de renovar su parrilla de programaciÃ³n. El canal colombiano tendrÃ¡ de todo para todos los gustos en 2020 y en medio de un evento de lanzamiento, nos contaron quÃ© es lo que verÃ¡n sus televidentes en los prÃ³ximos meses.
Siete estrenos de Caracol que no se puede perder en 2020
Amar y vivir
Teniendo como protagonistas a Ana MarÃ­a EstupiÃ±Ã¡n y Carlos Torres, la novela contarÃ¡ la historia de amor entre Irene Romero y JoaquÃ­n Herrera. Ella es una joven que trabaja en la plaza de mercado La Milagrosa, en BogotÃ¡, y su gran sueÃ±o es ser una reconocida cantante estimulada por Salvador Romero, su padre. Y Ã©l es un hombre de 25 aÃ±os, exsoldado, de origen campesino que busca encontrar desesperadamente a su hermana Alba, lo Ãºnico que le queda en el mundo, luego de que su madre muriera a causa de la violencia colombiana.Â La novela serÃ¡ estrenada el prÃ³ximo 7 de enero a las 9:00 p.m., convirtiÃ©ndose en el reemplazo de BolÃ­var, que presentarÃ¡ su Ãºltimo capÃ­tulo hoy.

La nocturna 2
Se trata de la segunda parte de la producciÃ³n que fue estrenada hace unos aÃ±os. Aunque no se preocupe, es una historia que no tiene nada en comÃºn con la primera parte, excepto la universidad Graham. AquÃ­ se contarÃ¡ la historia deÂ siete estudiantes de primer semestre de la nueva carrera de derecho que abriÃ³ la universidad y que tiene a Mario QuiÃ±onez (Jorge Enrique Abello) y a Esther Cavallier (Marcela Carvajal) como profesores. Esto sieteÂ alumnos son: Don Mariano (Cesar Mora), un contador pensionado que siente que nunca es tarde para cumplir su sueÃ±o de convertirse en abogado, Alberto Cruz (Juan Pablo Llano) escolta de un importante magistrado, Margarita Malabet (Marianne Schaller), madre y esposa que quiere demostrar que tambiÃ©n puede ser una gran profesional, 'El tanque' Duran (Jaisson Jeack Palacios), un futbolista en el ocaso de su carrera, Valery (Rosmeri Marval), una inmigrante que llega al paÃ­s en busca de nuevas oportunidades, Karen Tacha (Michelle Orozco), una joven que quiere hacer justicia y Cristian (Brian Moreno), un millennial que ve en el derecho la oportunidad de ganar dinero. SerÃ¡ estrenada el prÃ³ximo 7 de enero a las 10:00 p.m.

Los medallistas
El prÃ³ximo aÃ±o serÃ¡ importante para el deporte colombiano. Y es que ademÃ¡s de la Copa AmÃ©rica y las eliminatorias al mundial Qatar 2022, en el 2020 Tokio serÃ¡ el escenario donde se verÃ¡ ondear la bandera tricolor por los atletas colombianos en una nueva ediciÃ³n de los OlÃ­mpicos. Y justamente pensando en esta coyuntura, el canal lanzarÃ¡ una producciÃ³n para hacerle un homenaje a tres deportistas colombianos: Ingrid Valencia, boxeadora, Yuri Alvear, yudoca, y Ãscar MuÃ±oz, taekwondista. Hasta el momento se desconoce en quÃ© parte del aÃ±o serÃ¡ lanzada, aunque se espera que sea entre julio y agosto cuando se realizarÃ¡n los OlÃ­mpicos.
A otro nivel
Se trata del reemplazo de Yo me llamo, que al parecer, serÃ¡ lanzado a comienzos de febrero. En esta ocasiÃ³n el reality volverÃ¡ con algunas modificaciones, y por ejemplo, en la primera parte los participantes deberÃ¡n enfrentar a 100 jurados latinoamericanos de la industria musical y convencerlos de cantar con ellos para lograr un cupo en el ascensor o un cupo directo al escenario de A otro nivel. En una segunda etapa, los participantes que clasificaron en la primera tendrÃ¡n que defender su cupo ante los 3 jurados en el ascensor de A otro nivel para entrar a la competencia. Solo con su voz lograrÃ¡n pasara la tercera etapa, en la que empezarÃ¡ la competencia. Los participantes que superaron el ascensor, y los que pasaron directo a la competencia desde la primera parte, tendrÃ¡n que defender su puesto y representar diferentes gÃ©neros musicales.

Extra
Si usted es de esas personas que aman los programas de investigaciÃ³n de sucesos extraÃ±os, de seguro, le gustarÃ¡ esta producciÃ³n. Tal vez este nombre le suena y es que hace unos aÃ±os fue emitido, teniendo como director y presentador a Manuel Teodoro. Justamente fue Ã©l quien afirmÃ³ que los nuevos episodios se empezarÃ¡n a emitir muy pronto, y al parecer, de lunes a viernes. En sus redes sociales Manuel Teodoro ya le pidiÃ³ a sus seguidores que envÃ­en sus videos y casos relacionados a sucesos paranormales o extraordinarios. Ovnis, apariciones, sectas, sexualidad, tendencias y crÃ­menes, son algunos temas que tocÃ³ en su primera temporada y se espera que sea asÃ­ en la segunda.

La reina del flow 2
En 2018 la novela se convirtiÃ³ en una Ã©xito tanto colombiano, como internacional, teniendo como protagonistas a Carolina RamÃ­rez, AndrÃ©s Sandoval, Juan Manuel Restrepo y Carlos Torres. La producciÃ³n centraba su historia en Yeimy Montoya, un joven que pierde a sus padres prematuramente, y para rematar, termina en la cÃ¡rcel en Estados Unidos por culpa de quien consideraba su gran amor. AÃ±os mÃ¡s tarde, ya siendo una adulta, esta mujer regresa con otra identidad, buscando venganza. Hasta el momento no se sabe en quÃ© momento del aÃ±o serÃ¡ estrenada, ni tampoco, en quÃ© punto de la vida de los protagonistasÂ  comenzarÃ¡ de nuevo la trama. Cabe recordar que hace poco la producciÃ³n recibiÃ³ un Emmy Internacional hace pocos meses, convirtiÃ©ndose en la primera novela colombiana en llevarse dicho reconocimiento.

La reina de indias y el conquistador
La historia, en la que veremos de nuevo a Emmanuel Esparza, reconstruye uno de los primeros amores que se dieron en AmÃ©rica, entre una india y un espaÃ±ol. DespuÃ©s de fundar juntos la ciudad de Cartagena, Pedro de Heredia, movido por la obligaciÃ³n de salvar a su hermano, traiciona a Catalina. Ella, con el alma fracturada, huye para regresar 18 aÃ±os mÃ¡s tarde convertida en una mujer. En su alma, sÃ³lo hay un objetivo: vengarse. Ella quiere acabar con la vida de Pedro de Heredia, de la misma forma en la que Ã©l, despuÃ©s de enamorarla, acabÃ³ con la suya.
EncuentreÂ mÃ¡s de PUBLIMETRO en Google Noticias, aquÃ­
TambiÃ©n le puede interesar


@import url(https://fonts.googleapis.com/css?family=Fira+Sans:300,400,400i,600);@import url(https://assets.metrolatam.com/assets/oembed.css?v=BS12);

",Siete estrenos de Caracol que no se puede perder en 2020
"
Lionel MessiÂ hace noticia hasta en sus vacaciones. El argentino no ha sido protagonista de algÃºn golazo como suele hacerlo en su equipo, sino mÃ¡s bien por aparecer en un gimnasio de su natal Rosario, en Argentina. AllÃ­ se ve cÃ³moÂ Lionel Messi entrena viendo un especial con sus mejores goles hechos en el 2019.
Pese a estar de vacaciones,hasta los primeros dÃ­as de enero por la para de invierno en algunas ligas europeas,Â Lionel MessiÂ no pierde el tiempo para seguir en forma. Es por eso que la maÃ±ana de este lunes acudiÃ³ a ejercitarse viÃ©ndose a sÃ­ mismo en la pantalla.
Tal como se ve en el televisor,Â Lionel MessiÂ celebra al cielo uno de los goles que marcÃ³ en la temporada 2019-20 en Europa.
De esta forma, el crack argentino de 32 aÃ±os se alista para lo que serÃ¡ el reinicio de la Liga Santander este fin de semana cuando el Barcelona enfrente al Espanyol en el estadio RCDE de CornellÃ  de Llobregat.
Lionel Messi,Â asÃ­ como Luis SuÃ¡rez, Neto y Arturo Vidal reciÃ©n se integrarÃ¡n a los entrenamientos delÂ BarcelonaÂ el prÃ³ximo 2 de enero tras recibir el permiso correspondiente del club azulgrana.

Fui al gym y me encontrÃ© a Messi viendo goles de Messi pic.twitter.com/NKz0srE4K1
— Valen Jure (@Valenjure1) December 30, 2019

PARA MÃS INFORMACIÃN DE COLOMBIA Y EL MUNDO, AQUÃÂ 
",Lionel Messi entrena viendo un especial con sus mejores goles del 2019
"
Â¿QuÃ© tal el cuerpazo de la actriz? ""Alborotando el avispero"": el video de la 'Pupuchurra' mostrando sus nalgas mientras se broncea.
Martha Isabel BolaÃ±os siempre serÃ¡ recordada por su participaciÃ³n en la novela Yo soy Betty, la fea.Â 
Y es que con su humor, talento y belleza, supo conquistar al pÃºblico con su personaje de la 'Pupuchurra'.
Ahora, 20 aÃ±os despuÃ©s de la emisiÃ³n original de la novela, Martha Isabel sigue demostrando que mantiene ese cuerpazo con el que la conocimos.
Muestra de ello fue unÂ boomerang que publicÃ³ en su cuenta de Instagram.

  ","""Alborotando el avispero"": el video de la 'Pupuchurra' mostrando sus nalgas mientras se broncea"
"
El mejor equipo de AmÃ©rica de la temporada 2019 quedÃ³ acaparado por los finalistas de la Copa Libertadores:Â Flamengo y River Plate.Â Â¿CuÃ¡l fue el once ideal de AmÃ©rica en 2019?
De acuerdo a la tradicional encuesta del diarioÂ El PaÃ­s de Uruguay, el Mengao aportÃ³ con seis jugadores, mientras que la Banda Sangre lo hizo con cuatro.
Es decir, sÃ³lo un jugador proviene de un equipo que no fue finalista de la Libertadores que es recordada por la histÃ³rica remontada del equipo brasileÃ±o en los Ãºltimos minutos del encuentro y que dejÃ³ a mÃ¡s de un gaucho con la boca abierta.
Everton, extremo de Germio y la selecciÃ³n brasileÃ±a, consiguiÃ³ hacerse un espacio entre los jugadores del Fla y River.
El once ideal de AmÃ©rica de la temporada 2019 es un 4-2-3-1 con el delantero de Flamengo,Â GabigolÂ la figura del partido disputado en Lima. El goleador del Mengao fue elegido como el mejor futbolista del continente.
El equipo ideal del 2019 es el siguiente:

Franco Armani (River Plate)
Rafinha (Flamengo)
Rodrigo Caio (Flamengo)
Javier Pinola (River Plate)
Filipe Luis (Flamengo)
Enzo PÃ©rez (River Plate)
Ignacio FernÃ¡ndez (River Plate)
Everton (Germio)
Giorgian De Arrascaeta (Flamengo)
Bruno Henrique (Flamengo)
Gabigol (Flamengo)

PARA MÃS INFORMACIÃN DE COLOMBIA Y EL MUNDO, AQUÃÂ 
",Â¿CuÃ¡l fue el once ideal de AmÃ©rica en 2019? Flamengo y River sÃ³lo abrieron un espacio
"
""MarÃ­a"", dijo un presentador del noticiero. Profundo, muy profundo escote de Laura AcuÃ±a, dejÃ³ en shock hasta a sus compaÃ±eros de Noticias RCN.
Laura AcuÃ±a es una de las presentadoras mÃ¡s queridas de la televisiÃ³n colombiana.
Ahora la podemos ver todas las noches en Noticias RCN siendoÂ laÂ encargada de la secciÃ³n El semÃ¡foro en la cual presenta temas, por ejemplo, de polÃ­tica.
AdemÃ¡s de eso tambiÃ©n es la encargada de presentar diferentes especiales del canal.

  ","Profundo, muy profundo escote de Laura AcuÃ±a, dejÃ³ en shock hasta a sus compaÃ±eros de 'Noticias RCN'"
"
Â¿DespuÃ©s de Helena y NicolÃ¡s viene un tercer hijo?Â Â¿Laura AcuÃ±a volverÃ¡ a ser madre el prÃ³ximo aÃ±o?
Laura es una de las presentadoras mÃ¡s recordadas por los televidentes colombianos.
Luego de su paso por Muy buenos dÃ­as la dejamos de ver en la pantalla chica, pero desde hace un tiempo ha vuelto a ser parte de Noticias RCN con su secciÃ³n El semÃ¡foro.Â 
Por esa razÃ³n muchos televidentes se han vuelto a conectar con ella a travÃ©s de las redes sociales.
Durante esta semana ella abriÃ³ su corazÃ³n y les permitiÃ³ a sus seguidores que le preguntaran sobre diversos temas de su vida.

  ",Â¿Laura AcuÃ±a volverÃ¡ a ser madre el prÃ³ximo aÃ±o?
"
Eso se preguntaron sus seguidores luego de un mensaje en redes.Â Â¿Melissa MartÃ­nez se queda sin trabajo luego del final de Central Fox Colombia?
Fue la misma Melissa quien confirmÃ³ que ayer fue su Ãºltima emisiÃ³n.
""Hoy se emitiÃ³ el Ãºltimo Central Fox Colombia, un proyecto en el que fui feliz en extremo, un reto periodÃ­stico distinto a los que estaba acostumbrada. Hoy se cierra un ciclo que me permitiÃ³ conocer personas maravillosas. Y aunque siento mucha melancolÃ­a y como dirÃ­an en portuguÃ©s, SAUDADE del que fuera mi set, debo asumir que los finales pueden ser el principio de algo mÃ¡s grande"".
Ahora muchos se preguntan quÃ© pasarÃ¡ con Melissa.
Y aunque no es concentra en el mensaje, asegura que hay otros proyectos para el prÃ³ximo aÃ±o.
Â¿Melissa MartÃ­nez se queda sin trabajo luego del final de Central Fox Colombia?

  ",Â¿Melissa MartÃ­nez se queda sin trabajo luego del final de 'Central Fox Colombia'?
"
El Vasco da Gama, que el prÃ³ximo aÃ±o disputarÃ¡ la Copa Sudamericana, anunciÃ³ el fichaje del argentino GermÃ¡n Cano, quien llegarÃ¡ desde el Independiente de MedellÃ­n, en el que actÃºo desde 2018.
Cano acababa de desvincularse del club colombiano tras el fin de su contrato, estaba libre en el mercado y firmÃ³ con el Vasco da Gama por dos aÃ±os, segÃºn explicÃ³ el presidente de la entidad de RÃ­o de Janeiro, Alexandre Campello.
El delantero se formÃ³ en las divisiones inferiores del LanÃºs, en Buenos Aires, jugÃ³ luego en el Chacarita y el ColÃ³n de Santa Fe, hasta que emigrÃ³ al fÃºtbol colombiano en 2011, cuando fichÃ³ por el Deportivo Pereira.
PasÃ³ posteriormente por el Nacional de Paraguay, el Pachuca y el LeÃ³n de MÃ©xico, para regresar a Colombia con el Independiente de MedellÃ­n.
El jugador, casi un trotamundos del fÃºtbol latinoamericano, tiene 31 aÃ±os y a lo largo de la carrera que comenzÃ³ en 2008 ha anotado un total de 166 goles.
SegÃºn el Vasco da Gama, Cano se incorporarÃ¡ a la plantilla del club en los primeros dÃ­as de enero, cuando comenzarÃ¡ la preparaciÃ³n para el Campeonato Carioca, torneo regional de RÃ­o de Janeiro que serÃ¡ el primer compromiso del equipo en 2020.

ð¥ð¤â1â£4â£#VascoDaGama pic.twitter.com/PhJZfD2NTn
— Vasco (@VascodaGama) December 28, 2019

Su fichaje era tan esperado por los hinchas que las reacciones no se hicieron esperar. De hecho, despuÃ©s de publicadas las primeras palabras de GermÃ¡n Ezequiel Cano como nuevo futbolista del Vasco, los comentarios aparecieron.
""Hola a toda la torcida de Vasco. Estoy muy feliz de este momento al poder llegar a una instituciÃ³n tan grande. La verdad que solo tengo palabras de agradecimiento con ustedes. Vamos para adelante y estar mejor que nunca. Estoy muy feliz y muchÃ­simas gracias""

pic.twitter.com/aEFL4CZ5Vy
— Alexandre Campello (@ascampello) December 28, 2019

Siga aÂ PublimetroÂ Colombia en Google News
TambiÃ©n le puede interesar:


@import url(https://fonts.googleapis.com/css?family=Fira+Sans:300,400,400i,600);@import url(https://assets.metrolatam.com/assets/oembed.css?v=BS12);

",Primeras palabras de GermÃ¡n Cano como nuevo jugador del Vasco da Gama causaron revuelo en redes
"
Miguel Ãngel Borja regresa al fÃºtbol profesional colombiano. Luego de su paso por Palmeiras, Â jugarÃ¡ la prÃ³xima temporada con el Junior, equipo del que es hincha. AsÃ­ lo informÃ³ Alejandro Char, alcalde de Barranquilla y miembro de la familia propietaria del club.
""Â¡Un sueÃ±o cumplido! Â¡No es una inocentada, Miguel Ãngel Borja ya es tiburÃ³n! QuÃ© alegrÃ­a entregar esta noticia a los junioristas del alma. Junior llegÃ³ a un acuerdo con Palmeiras y esta tarde (sÃ¡bado) llegarÃ¡ a Barranquilla para comenzar este nuevo ciclo""
Hasta el momento, Borja se constituye en la mÃ¡s importante contrataciÃ³n del rentado local y, en especial, del cuadro tiburÃ³n. El club barranquillero disputarÃ¡ la Copa Libertadores 2020 por ser el campeÃ³n de la liga en el primer semestre.
SegÃºn las redes sociales de Char, primero hubo un acuerdo econÃ³mico con el jugador y, posteriormente, se procediÃ³ a la negociaciÃ³n con el equipo brasileÃ±o. Asimismo, se conociÃ³ queÂ el jugador llegaÂ a prÃ©stamo por un aÃ±o por valor de un millÃ³n de dÃ³lares con opciÃ³n de compra del 50% de los derechos deportivos por 4,3 millones de dÃ³lares, si logra anotar 22 goles y jugar mÃ¡s del 70% de los partidos en la temporada.
Borja, que desde niÃ±o y en repetidas oportunidades se ha declarado hincha del Junior, ha militado en los clubes colombianos Deportivo Cali, CÃºcuta Deportivo, La Equidad, Santa Fe, CortuluÃ¡ y AtlÃ©tico Nacional, con el que ganÃ³ la Copa Libertadores de 2016.
DespuÃ©s de conocerse la vinculaciÃ³n de Borja, el diario El Heraldo revelÃ³ el que serÃ­a el sueldo del delantero en el Junior.

""Borja, cuyo salario en un aÃ±o ascenderÃ¡ a un poco mÃ¡s de 1.5 millones de dÃ³lares, arribarÃ¡ hoy a Barranquilla procedente de su pueblo natal, Tierralta, CÃ³rdoba, donde aguardaba la buena nueva, que no es una inocentada""
Siga aÂ PublimetroÂ Colombia en Google News
TambiÃ©n le puede interesar:


@import url(https://fonts.googleapis.com/css?family=Fira+Sans:300,400,400i,600);@import url(https://assets.metrolatam.com/assets/oembed.css?v=BS12);

",Revelan el exorbitante salario que Miguel Ãngel Borja recibirÃ¡ en el Junior de Barranquilla
"
AsÃ­ fue laÂ respuesta retadora de vicepresidenta a hombre que pedÃ­a mejor educaciÃ³n.
En medio de una visita de la vicepresidenta a Riohacha, La Guajira, se dio un polÃ©mico hecho que ahora es tendencia y que polemiza la figura de la 'vice'.
Mientras RamÃ­rez escuchaba a la poblaciÃ³n del Ãºltimo departamento en el norte de Colombia, un hombre reclamaba por los sueldos de los profesores y educaciÃ³n para los niÃ±os.
RamÃ­rez, que estaba hablando con algunas personas y escuchando los problemas, enfureciÃ³ y se dirigiÃ³ al hombre al que de manera retadora le dijoÂ Â ""Â¿A quiÃ©n estÃ¡ gritando?, Â¿a quiÃ©n estÃ¡ gritando?"".
El hombre que le reclamaba en voz alta, pedÃ­a que les atendieran a los niÃ±os, una situaciÃ³n complicada en el departamento, que ademÃ¡s pasa por una oleada de violencia.
Para muchos en redes sociales, la vicepresidenta fue retadora y a algunos les causÃ³ curiosidad la forma amenazante en que le hablaba a un ciudadano que pidiÃ³ respuestas a los gobernantes.
âNo les quieren pagar a los profesores, atiÃ©ndanlos, que ustedes estÃ¡n ahÃ­ porque nosotros los sacamos, nosotros votamos por ustedes. AtiÃ©ndanme a los niÃ±os"",Â  fue el reclamo que RamÃ­rez vio como una amenaza.
En redes sociales, uno de los asesores de la vicepresidenta asegurÃ³ que eso no fue asÃ­ y que las redes no muestran todo. AsegurÃ³ que a la polÃ­tica conservadora le agradecÃ­an por estar ahÃ­ y escucharlos.
AsÃ­ fue laÂ respuesta retadora de vicepresidenta a hombre que pedÃ­a mejor educaciÃ³n:

.@Vanefernandezxd, olvidaste publicar la parte del video en donde la gente agradece que la Vicepresidenta los escuchara y les diera soluciones. En redes es muy fÃ¡cil engaÃ±ar, pero por fortuna otra cÃ¡mara estaba de otro lado. Tal vez llegaste tarde y te perdiste el video completo pic.twitter.com/HYPyM2sS5d
— AndrÃ©s Pedraza (@AndresPPhoto) December 31, 2019

FIN DE AÃO:Â AsÃ­ fue laÂ respuesta retadora de vicepresidenta a hombre que pedÃ­a mejor educaciÃ³n
 
",La respuesta retadora de la vicepresidenta a hombre que le pedÃ­a mejor educaciÃ³n
"
El britÃ¡nico Andy Murray no podrÃ¡ participar en el Abierto de Australia, primer Grand Slam de 2020, debido a una lesiÃ³n pÃ©lvica, informa la BBC.
El ganador de tres tÃ­tulos de Grand Slam, de 32 aÃ±os, tenÃ­a como objetivo jugar en su primer grande desde que lo hizo precisamente en individuales este aÃ±o, antes de anunciar que su carrera podrÃ­a terminar debido a una lesiÃ³n.
Murray tampoco jugarÃ¡ con Gran BretaÃ±a en la ediciÃ³n inaugural de la ATP Cup del prÃ³ximo mes de enero.
El tenista britÃ¡nico no ha jugado desde el primer encuentro de Gran BretaÃ±a en las finales de Copa Davis del mes pasado en Madrid debido a esa lesiÃ³n pÃ©lvica.
El ex nÃºmero uno del mundo, que fue sometido a una operaciÃ³n de cadera hace once meses, no viajÃ³ a Miami para su bloque de entrenamiento programado para diciembre.
El escocÃ©s Murray ha estado en la cancha durante la semana pasada, pero la lesiÃ³n no se ha resuelto tan rÃ¡pido como el actual nÃºmero mundial 125 esperaba.
Murray y su equipo, compuesto por el entrenador Jamie Delgado, el preparador fÃ­sico Matt Little y el fisioterapeuta Shane Annun, decidieron que no deberÃ­a forzar el inicio de la temporada 2020 en enero.
Tras jugar en Australia, Murray regresÃ³ a las pitas en agosto, y dos meses mÃ¡s tarde ganÃ³ el tÃ­tulo de Amberes en su sÃ©ptimo torneo.
Desde esa victoria sobre su compaÃ±ero tres veces ganador de Grand Slam Stan Wawrinka, sÃ³lo ha jugado un partido mÃ¡s de individuales: una trabajada victoria en tres sets ante el holandÃ©s Tallon Griekspoor en la Davis.
SegÃºn agrega la BBC, Murray no jugarÃ¡ hasta febrero como muy pronto, ya que su primer torneo estÃ¡ programado para Montpellier (Francia).
El Abierto de Australia se juega desde el 20 de enero hasta el 3 de febrero en Melbourne, mientras que la Copa ATP comienza el 3 de enero y se lleva a cabo en tres ciudades de Australia: SÃ­dney, Brisbane y Perth.
Siga aÂ PublimetroÂ Colombia en Google News
TambiÃ©n le puede interesar:


@import url(https://fonts.googleapis.com/css?family=Fira+Sans:300,400,400i,600);@import url(https://assets.metrolatam.com/assets/oembed.css?v=BS12);

",Â¡Baja sensible! Andy Murray se perderÃ¡ el Abierto de Australia por una lesiÃ³n pÃ©lvica
"
Las restricciones para camiones en BogotÃ¡ afectan un amplio sector de la ciudad en el que no podrÃ¡n circular vehÃ­culos de carga.
La AlcaldÃ­a de Enrique PeÃ±alosa firmÃ³ en su Ãºltimo dÃ­a de funciones un decreto que restringe notoriamente la circulaciÃ³n de vehÃ­culos de carga en BogotÃ¡. El decreto pone restricciones para camiones en BogotÃ¡, desde su modelo hasta su circulaciÃ³n. TambiÃ©n afecta las disposiciones de carga y descarga en vÃ­as arterias.
El punto mÃ¡s importante de la restricciÃ³n es la prohibiciÃ³n de movilidad de vehÃ­culos de carga de mÃ¡s de 8 toneladas. De manera general, aplica para el Ã¡rea entre los cerros orientales y la Avenida BoyacÃ¡, desde las calles 170 a Avenida la Esperanza y de la calle 6 a Avenida Villavicencio. En esta zona estarÃ¡ prohibida su circulaciÃ³n de 5:30 a 8:00 am y de 4:30 a 7:00 pm.
Hay algunas Ã¡reas industriales donde se permitirÃ¡ la circulaciÃ³n de vehÃ­culos pesados. Se trata de las zonas de ToberÃ­n (Calles 170 a 164 entre carreras 16 y 20), la zonaÂ industrial de Ricaurte y Paloquemao (al occidente de la carrera 24 entre calles 24 y 6), la de Carvajal (al occidente de la Avenida 68 entre avenidas Primero de Mayo y Autopista Sur) y la Zona Industrial, de la calle 3 a las avenidas AmÃ©ricas y Esperanza al occidente de la NQS. AsÃ­ mismo, se permite la circulaciÃ³n de todo tipo de vehÃ­culos en las vÃ­as arterias.
OtraÂ de las restricciones para camiones en BogotÃ¡ tiene que ver con el modelo de los vehÃ­culos. Aquellos que tengan mÃ¡s de 20 aÃ±os deberÃ¡n acoplarse al pico y placa para transporte pÃºblico entre semana. AdemÃ¡s, en los fines de semana no podrÃ¡n circular de 5:30 a 8:00 am y de 4:30 a 7:00 pm.
En el mismo horario se prohÃ­ben las operaciones de carga y descarga en vÃ­as de la ciudad. La operaciÃ³n se podrÃ¡ hacer en vÃ­as secundarias de 8:00 am a 4:30 pm y de 7:00 pm a 5:30 am. En vÃ­as arteria solo se permitirÃ¡ la operaciÃ³n de carga y descarga de 10:00 pm a 5:30 am. La restricciÃ³n empezarÃ¡ a aplicar en enero de 2020.
MÃ¡s noticias de BogotÃ¡ y Colombia aquÃ­
 
",Nuevas restricciones para camiones en BogotÃ¡: por estas vÃ­as no podrÃ¡n circular
"
El nuevo comandante del EjÃ©rcito colombiano, general Eduardo Zapateiro, asumiÃ³ este lunes el cargo en medio de una controversia con la familia del futbolista Juan Fernando Quintero, del club argentino River Plate, por la desapariciÃ³n de su padre ocurrida hace 25 aÃ±os.
El general Zapateiro, que tendrÃ¡ bajo su mando a mÃ¡s de 240.000 miembros del EjÃ©rcito, fue designado el pasado viernes por el presidente colombiano, IvÃ¡n Duque, como sucesor del cuestionado general Nicacio MartÃ­nez y hoy pasÃ³ por primera vez revista a la tropa en la Escuela de Cadetes JosÃ© MarÃ­a CÃ³rdova en BogotÃ¡.
El 2020 ""tendrÃ¡ que ser el aÃ±o de la mayor consolidaciÃ³n de la seguridad en el territorio"" porque el aÃ±o que estÃ¡ por empezar ""es de esperanza para todos los colombianos, porque la seguridad es un valor democrÃ¡tico, la seguridad es un bien pÃºblico"", dijo Duque a Zapateiro.
CONTROVERSIA CON QUINTERO
Sin embargo, el acto estuvo marcado por la polÃ©mica con la familia de Quintero, que considera que Zapateiro puede tener la respuesta sobre el destino que corriÃ³ su padre, Jaime Enrique Quintero Cano, desaparecido en marzo de 1995 en el departamento de Antioquia (noroeste) cuando prestaba el servicio militar.
TÃ­os del futbolista dijeron que en la Ã©poca, Quintero Cano hacÃ­a parte de la IV Brigada del EjÃ©rcito, con sede en MedellÃ­n, y fue trasladado a la XVII Brigada, en la localidad de Carepa, y bajo el mando del entonces capitÃ¡n Zapateiro, a quien piden explicaciones sobre el paradero del recluta.
Quintero por su parte, afirmÃ³ en su cuenta de Twitter que es ""ajeno a las declaraciones"" de sus tÃ­os pero en cualquier caso quiere saber quÃ© pasÃ³ con su padre, que ""lleva mÃ¡s de 24 aÃ±os desaparecido y no sabemos todavÃ­a quÃ© aconteciÃ³ con Ã©l, dÃ³nde estÃ¡ o dÃ³nde se fue"".
""Tengo el derecho como hijo a saber quÃ© pasÃ³ con mi padre y eso es lo que quiero saber, porque he sufrido y he visto mi familia sufrir problemas sociolÃ³gicos y mentales y la ausencia de mi papÃ¡ siempre; estÃ¡ el vacÃ­o y lo siento a diario (…) Solo quiero saber que pasÃ³"", manifestÃ³.
El delantero del River Plate y de la selecciÃ³n colombiana de fÃºtbol agregÃ³ que no quiere sacar provecho del nombramiento del general Zapateiro y que respeta al EjÃ©rcito, ""pero espero y aspiro a tener un diÃ¡logo muy pronto y saber quÃ© pasÃ³…"".
Al ser preguntado por las manifestaciones del futbolista, el general dijo a periodistas al concluir la ceremonia oficial que estÃ¡ dispuesto a hablar con Quintero.
""Me uno al sentimiento y al dolor de la familia Quintero, decirle a Juan Fernando Quintero que tambiÃ©n lo respeto, que eres nuestro Ã­dolo futbolista y que las puertas de mi comando en el EjÃ©rcito estarÃ¡n abiertas para ti y tu familia"", expresÃ³ el general.
RESPUESTA DEL EJÃRCITO
SegÃºn un comunicado del EjÃ©rcito, ""la presunta desapariciÃ³n del seÃ±or Jaime Enrique Quintero Cano"" fue investigada por el Tribunal Administrativo de Antioquia, ""que profiriÃ³ decisiÃ³n judicial absolutoria mediante auto de fecha 30 de marzo de 2001"".
""Las conclusiones de la ProcuradurÃ­a Delegada para la Defensa de los Derechos Humanos, las cuales comparte la sala en su totalidad, permiten afirmar que no existe prueba alguna de la responsabilidad de los servidores pÃºblicos ni por acciÃ³n ni por omisiÃ³n por la presunta desapariciÃ³n"" de Quintero Cano.
En el comunicado, el EjÃ©rcito asegura que ""no existe prueba de responsabilidad"" contra el entonces capitÃ¡n Eduardo Enrique Zapateiro Altamiranda, ""asÃ­ como en contra de ningÃºn integrante del EjÃ©rcito Nacional"".
Igualmente ""lamenta profundamente el hecho victimizante sufrido por la familia Quintero Cano, el cual deja en evidencia el actuar de grupos ilegales en esa zona, y que condujo a la desapariciÃ³n del seÃ±or Quintero"".
CARGO ESPINOSO
El general Zapateiro fue nombrado comandante del EjÃ©rcito en reemplazo del general Nicacio MartÃ­nez, que segÃºn Duque, le expresÃ³ ""motivos familiares"" para pasar al retiro despuÃ©s de mÃ¡s de 38 aÃ±os de servicio.
MartÃ­nez, que estuvo un aÃ±o al frente del EjÃ©rcito, fue duramente cuestionado durante su gestiÃ³n por su presunta responsabilidad en violaciones a los derechos humanos, lo que no impidiÃ³ que el pasado 6 de junio el Senado aprobara su ascenso a general de cuatro soles, el rango mÃ¡s alto del paÃ­s.
Su ascenso estuvo marcado por la controversia porque tan solo tres semanas antes el diario estadounidense The New York Times publicÃ³ un artÃ­culo que revelÃ³ la existencia de una directriz del EjÃ©rcito que ordenaba a la tropa incrementar sus resultados operacionales, lo que pone en riesgo la vida de civiles.
El artÃ­culo seÃ±alÃ³ que con esa instrucciÃ³n, posteriormente retirada, el EjÃ©rcito podÃ­a estar ejecutando ""otra encarnaciÃ³n"" de los ""falsos positivos"", eufemismo para referirse a las ejecuciones extrajudiciales de civiles cometidas por militares para presentar resultados a sus superiores y obtener por ello permisos y condecoraciones.
",Quintero hablÃ³ sobre ascenso de militar involucrado con desapariciÃ³n de su padre
"
Sin duda, ambos se tienen mucha confianza. Comentario de Jessi Uribe en foto de hermana de Paola Jara da de quÃ© hablar en redes.
Mucho se ha dicho este aÃ±o respecto a la relaciÃ³n de Paola Jara y Jessi Uribe.
Y aunque ninguno ha confirmado que estÃ¡n juntos, lo cierto es que cada vez hay mÃ¡s motivos para pensar que sÃ­ estÃ¡n juntos.
Ahora aparece un motivo mÃ¡s en las redes sociales.
En Instagram la hermana de Paola, MarÃ­a, ha estado subiendo imÃ¡genes de sus vacaciones.
Muchas de ellas han sido aplaudidas por sus seguidores, pero sin duda, una de ellas llamÃ³ la atenciÃ³n.
Y es que tuvo un comentario de Jessi Uribe. Y no se tratÃ³ de un comentario cualquiera, parecÃ­a que se conocÃ­an muy bien.
Los mensajes podrÃ¡ verlos a continuaciÃ³n:
Comentario de Jessi Uribe en foto de hermana de Paola Jara

  ",Comentario de Jessi Uribe en foto de hermana de Paola Jara da de quÃ© hablar en redes
"
Norman Capuozzo estÃ¡ volviendo a disfrutar de su solterÃ­a.Â AsÃ­ pillaron al ex de Lina Tejeiro con otra mujer en Cartagena.
Aunque solo durÃ³ tres meses, lo cierto es que el romance de Lina Tejeiro yÂ Norman Capuozzo fue uno de los mÃ¡s comentados de la farÃ¡ndula colombiana.
Todo parecÃ­a que iba bien, la pareja se veÃ­a feliz y siempre viajando, pero de repente, se acabaron las fotos y los viajes.
Lina no dijo nada en determinado momento, pero mÃ¡s tarde confirmÃ³ que la relaciÃ³n se habÃ­a terminado.
Lo hizo a travÃ©s de sus historias de Instagram y en estas tambiÃ©n contÃ³ los detalles de la separaciÃ³n.
Norman no dijo nada, pero sus acciones parecen demostrarlo todo.
Ahora da de quÃ© hablar por un video en el que se le puede ver en Cartagena.
Al parecer estÃ¡ en un concierto junto a una mujer.
AsÃ­ pillaron al ex de Lina Tejeiro con otra mujer en Cartagena

El ex de Lina Tejeiro con una mujer pic.twitter.com/Ai5dfZMO4r
— Pille pues (@PuesPille) December 29, 2019

Sin embargo, cabe mencionar que en las imÃ¡genes no hay un acercamiento entre ambos, por lo menos amoroso.
Por el contrario, Norman estÃ¡ mÃ¡s concentrado en su celular que en la misma mujer.
EncuentreÂ mÃ¡s de PUBLIMETRO en Google Noticias, aquÃ­
TambiÃ©n le puede interesar


@import url(https://fonts.googleapis.com/css?family=Fira+Sans:300,400,400i,600);@import url(https://assets.metrolatam.com/assets/oembed.css?v=BS12);

",AsÃ­ pillaron al ex de Lina Tejeiro con otra mujer en Cartagena
"
Los precios en 2020Â se verÃ¡n nuevamente incrementadosÂ como cada inicio de aÃ±o. Algunos productos, bienes y servicios se verÃ¡n afectados por estos aumentos debido al salario mÃ­nimo 2020.
Estos aumentos son importantes, debido a que muchos no tienen calculados estos precios en 2020Â y tienen todavÃ­a en su mente los precios del 2019. Sobre todo en el caso de los productos que aumentanÂ comoÂ el salario mÃ­nimo. Entre estos se destacanÂ los comparendos de movilidad y trÃ¡nsito.
SÃ­ seÃ±ores. Desde el 1 de enero de 2020 todos los comparendos subirÃ¡n un 6%, de la misma manera que el salario mÃ­nimo.
AsÃ­ serÃ¡n los incrementos:

Parquear en sitios prohÃ­bidos: $438.900.
Movilizarse por sitios restringidos o a horas restringidas: $438.900
No llevar la licencia: $234.100
No respetar las seÃ±ales de trÃ¡nsito: $877.800 

En otros costos, tambiÃ©n subirÃ¡n los peajes, los trÃ¡mites en notarÃ­as y hasta los servicios de salud.
Una persona que pagaba $13.674Â en una cuota moderadora de EPS pasarÃ­a a pagar $14.500, un incremento deÂ 820Â pesos.
Por otro lado, los incrementos de precios en 2020Â de arriendos se darÃ¡n de acuerdo a la inflaciÃ³n. Este dato aÃºn no ha sido revelado por el Dane, pero en los 12 meses anteriores estuvo en 3%. Si se sostuviera este precio, quien pague un arriendo de $1'000.000 mensual deberÃ­a pagar $1'030.000 mensuales mÃ¡ximo. AsÃ­ mismo, este incremento solo podrÃ¡ aplicar cuando se termineÂ el contrato anual. Si usted firmÃ³ su contrato en junio,Â el incremento no debe aplicarle hasta el siguiente mes.
",Esto costarÃ¡n los comparendos en 2020 en el paÃ­s
"
La novia delatÃ³ al lÃ­der de la banda que realizÃ³ un robo cinematogrÃ¡fico a una casa de cambio en el Centro Internacional de BogotÃ¡.
El 23 de marzo de 2018, una casa de cambio en elÂ sector del Centro Internacional, centro de BogotÃ¡, fue asaltada. La banda de ladrones que realizÃ³ el robo fue interrumpida por una patrullera que disparÃ³ para tratar de detenerlos.Â Aunque el robo hurtÃ³ mÃ¡s de 200 millones de pesos del establecimiento, el lÃ­der de la banda fue capturado.
Para capturarlo, fue necesario que lo delatara su pareja sentimental, que habÃ­a sido detenida previamente. La mujer habÃ­a iniciado el robo, al acercarse para cambiar unos dÃ³lares y distraer a sus propietarios. ""Cuando le abro la puerta, yo no sÃ© si estaban escondidos en la parte de afuera, entraron dos personas, me puso el revÃ³lver en la cabeza (…) Me dio nervios cuando vi el arma, le cogÃ­ la mano y entonces el otro me dio un âguarapazoâ y me dejÃ³ casi noqueado. Me tiraron al piso, me amarraron, me pusieron sunchos, me pusieron cinta ancha en toda la cara y el cuerpo"", dijo a Noticias Caracol Carlos Isaza, propietario de la casa de cambio.
En el sitio quedaron un telÃ©fono celular y una cÃ©dula de ciudadanÃ­a. La PolicÃ­a utilizÃ³ estos elementos para ubicar a los responsables. AsÃ­ identificaron la banda, ""muy conocida en Pitalito (Huila) como Los Cangrejos y pudieron ubicar a la mujer"", quien fue detenida y encarcelada, dijo Isaza.
JosÃ© Javier Carrillo, lÃ­der de la banda fue a visitar a la mujer en la cÃ¡rcel. AllÃ­, esta lo delatÃ³ y fue capturado inmediatamente. AÃºn asÃ­, el hombre tratÃ³ de convencerlos para no seguir con el proceso. ""âNos ofreciÃ³ unos predios y que si no ponÃ­amos denuncia contra Ã©l, pues que Ã©l nos pagaba toda la plata inmediatamente. Nosotros dijimos que no, que Ã©l tenÃ­a que responder a la ley"",Â narrÃ³ Isaza.
MÃ¡s noticias de BogotÃ¡ y Colombia aquÃ­


@import url(https://fonts.googleapis.com/css?family=Fira+Sans:300,400,400i,600);@import url(https://assets.metrolatam.com/assets/oembed.css?v=BS12);

",AsÃ­ cayÃ³ lÃ­der de la banda que se enfrentÃ³ a tiros con patrullera en el centro de BogotÃ¡
"
Si usted estÃ¡ conectado con la producciÃ³n, no se puede perder estos datos. Seis claves para entrar en el mundo mÃ¡gico de His Dark Materials.Â 

Basada en la saga de Philip Pullman. La galardonada trilogÃ­a homÃ³nima de Philip Pullman, considerada una obra maestra moderna de ficciÃ³n imaginativa, estÃ¡ compuesta por Northern Lights / The Golden CompassÂ (1995),Â The Subtle KnifeÂ (1997) y The Amber SpyglassÂ (2000), y sigue la historia de Lyra, una niÃ±a huÃ©rfana que vive en el Jordan College de Oxford y quien parece estar destinada a grandes cosas.
Un mundo muy similar al nuestro. Los eventos de la serie suceden en un mundo parecido al que habitamos, en el que podemos encontrar las mismas ciudades: desde Oxford hasta Londres. Se trata de un mundo de posguerra que a primera vista resulta similar al nuestro, pero en el que rÃ¡pidamente se ven diferencias como la existencia de dirigibles y ausencia de celulares, bien como fenÃ³menos misteriosos, osos con armaduras y, la mÃ¡s notoria, los daemons.
Todos los humanos tienen un daemon. Los daemons son manifestaciones fÃ­sicas, en forma de animal, del alma de los humanos. Un animal que puede ir cambiando hasta que la persona a la que representa llega a la pubertad, cuando el daemon asienta su personalidad final. La conexiÃ³n entre un humano y su daemon es muy especial: suelen escucharse solamente entre ellos, no pueden estar lejos uno del otro y el daÃ±o sobre uno repercute en el otro.
Desapariciones misteriosas. Desde el comienzo de la serie se ve cÃ³mo, poco a poco, comienzan a desaparecer niÃ±os. Entre ellos, Roger, el mejor amigo de Lyra y habitante tambiÃ©n de Jordan College. Una leyenda urbana cuenta que los Gobblers son quienes capturan a los niÃ±os para llevÃ¡rselos al norte.
Controversia. El Magisterio es considerado el gran villano dentro de His Dark Material. Una organizaciÃ³n religiosa autocrÃ¡tica y dictatorial. El Magisterio gobierna el mundo de Lyra con puÃ±o de hierro. Al igual que la propia persecuciÃ³n de la iglesia catÃ³lica a los cientÃ­ficos durante el Renacimiento, el Magisterio trata de controlar e influir en el conocimiento, especialmente en relaciÃ³n al Polvo (Dust), otra clave de la narraciÃ³n.
Dust: Se trata de una sustancia elemental, un residuo del pecado original, segÃºn el Magisterio. Al principio de esta historia, Lord Asriel se encuentra investigando el fenÃ³meno en el norte, ya que cree que podrÃ­a tratarse de una ventana hacia otros mundos.
Seis claves para entrar en el mundo mÃ¡gico de 'His Dark Materials'



EncuentreÂ mÃ¡s de PUBLIMETRO en Google Noticias, aquÃ­
TambiÃ©n le puede interesar


@import url(https://fonts.googleapis.com/css?family=Fira+Sans:300,400,400i,600);@import url(https://assets.metrolatam.com/assets/oembed.css?v=BS12);

",Seis claves para entrar en el mundo mÃ¡gico de 'His Dark Materials'
"
ElÂ Idrd anunciÃ³ que se suspenderÃ¡ la ciclovÃ­a en AÃ±o Nuevo, pero volverÃ¡ para el puente de Reyes.
La cuenta de Twitter del Instituto Distrital de RecreaciÃ³n y Deporte (Idrd) anunciÃ³ la suspensiÃ³n de ciclovÃ­a en AÃ±o Nuevo. La jornada tradicional que se realiza de 7:00 am a 2:00 pm los domingos y festivos no se realizarÃ¡ el 1 de enero.
SegÃºn el Idrd, la decisiÃ³n se cumplirÃ¡ de manera habitual. El 1 de enero no habrÃ¡ ciclovÃ­a, para permitir a los bogotanos descansar luego de la celebraciÃ³n de la llegada del 2020.

Recuerda que, como es habitual todos los aÃ±os, no tendremos #CiclovÃ­a ð´ââï¸ð´ââï¸ este 1ro de enero de 2020. pic.twitter.com/HZYIU1agRn
— I.D.R.D. (@IDRD) December 30, 2019

La ciclovÃ­a regresarÃ¡ a las calles de BogotÃ¡ el prÃ³ximo domingo 5 y lunes 6 de enero. Esos dos dÃ­as, los 123 kilÃ³metros de vÃ­as volverÃ¡n a cerrarse para el disfrute de ciclistas, patinadores, atletas y demÃ¡s habitantes de la ciudad.

Â¿Dudas sobre la #CiclovÃ­a esta Navidad? ð¤ð´ââï¸ð´ââï¸
ð Recuerda que podrÃ¡s disfrutarla los dÃ­as 25 y 29 de diciembre, y 5 y 6 de enero. El 1 de enero NO la habilitaremos. pic.twitter.com/9zqNAwOzlS
— I.D.R.D. (@IDRD) December 24, 2019

Cabe recordar que este miÃ©rcoles, a las 9:00 de la maÃ±ana, se darÃ¡ la posesiÃ³n de Claudia LÃ³pez. El acto se llevarÃ¡ a cabo en el Parque SimÃ³n BolÃ­var,Â en un acto pÃºblico. La alcaldesa saldrÃ¡ del sector del Parque de los Hippies en bicicleta hasta el principal espacio verde de BogotÃ¡.
AdemÃ¡s, se realizarÃ¡ este miÃ©rcoles la posesiÃ³n de los 45 concejales elegidos el pasado 27 de octubre, a las 3:30 de la tarde en el Concejo de BogotÃ¡. A este acto tambiÃ©n acudirÃ¡ la electa alcaldesa.
MÃ¡s noticias de BogotÃ¡ y Colombia aquÃ­
",AtenciÃ³n bogotanos: no habrÃ¡ ciclovÃ­a en AÃ±o Nuevo
"
El error de IvÃ¡n Duque en plena entrevista con Alberto Linero en Blu Radio.
En el Ãºltimo dÃ­a del aÃ±o, el presidente IvÃ¡n Duque concediÃ³ entrevista a la emisora Blu Radio. Ricardo Ospina y su mesa de trabajo le preguntaron a Duque por todos los asuntos que son tendencia en el paÃ­s.
Ospina le preguntÃ³ por reformas pensionales, por la polÃ©mica de Juan Fernando Quintero y el nuevo comandante de las Fuerzas armadas.
Pero en la mesa del trabajo, el ahora panelista y periodista, Alberto Linero, le preguntÃ³ porÂ la economÃ­a y este muy emocionado le respondiÃ³.
""Oiga padre: por ahÃ­ vi las fotos suyas en un paseo por el Medio Oriente. Me alegra mucho"", le dijo el presidente Duque a Linero.
Aunque la frase fue entendida en el buen sentido y en el marco de la buena relaciÃ³n que tiene Linero con el presidente, la realidad es que el panelista de Blu Radio ya no es padre.
Desde hace mucho tiempo quien se desempeÃ±aba como sacerdote de la Iglesia CatÃ³lica pidiÃ³ que lo dejarÃ¡n retirarse del sacerdocio, con el fin de tener una vida en familia.
Hace unas semanas se conociÃ³ que una carta del Vaticano llegÃ³ a Linero aceptando su renuncia y dÃ¡ndole vÃ­a libre al samario para ejercer su vida como un ciudadano mÃ¡s.
Al parecer Duque no lo sabe y hasta le pidiÃ³ una bendiciÃ³n al exsacerdote, que sonriÃ³ y no corrigiÃ³ al expresidente, sino que le profiriÃ³ su cariÃ±o.
Hace dÃ­as Linero anunciÃ³ que ya no era cura, de esta manera.
""Les cuento que ya recibÃ­ respuesta del Papa Francisco. DespuÃ©s de un aÃ±o y medio de haber pedido mi dispensa, me llegÃ³ la carta desde el Vaticano. Hoy a las 7:00 pm, en YouTube, compartirÃ© con ustedes, los que me han acompaÃ±ado en este proceso, mis sentimientos con relaciÃ³n a esta comunicaciÃ³n y mis planes a futuro"", dijo en un video.
NOTICIAS:Â El error de IvÃ¡n Duque en plena entrevista con Alberto Linero en Blu Radio.Â 
",El tremendo error de IvÃ¡n Duque al hablar con Alberto Linero en entrevista
"
El robo del bus intermunicipal es uno mÃ¡s de los que se han tomado las vÃ­as aledaÃ±as a BogotÃ¡.
Un robo de un bus intermunicipal que cubrÃ­a la ruta ZipaquirÃ¡ – FacatativÃ¡ llenÃ³ de alarma a los habitantes de la Sabana. Los robos a los buses que unen a BogotÃ¡ con sus municipios cercanos se han vuelto cada vez mÃ¡s repetitivos. Pero, por primera vez, estos se habrÃ­an extendido del norte de BogotÃ¡ a la salida occidental de la Calle 13.
El robo ocurriÃ³ en la variante de Madrid, por la vÃ­a BogotÃ¡ – FacatativÃ¡ – Villeta. La buseta de la empresa Cotranssa, segÃºn el medio local Rodrigo Ãvila TV, recorrÃ­a hacia las 9:30 pm de este domingo la vÃ­a. El robo quedÃ³ registrado en una cÃ¡mara de seguridad del vehÃ­culo.
Dos hombres que se subieron en MosqueraÂ se acomodaron en las sillas de atrÃ¡s. Posteriormente, sacaron armas blancas y empezaron a amedrentar a los demÃ¡s ocupantes. A uno de ellos que estaba hablando por celular lo lanzan hacia atrÃ¡s, con lo que otros pasajeros logran esconder sus pertenencias.
Los ladrones alcanzan a hurtar algunas pertenencias de los pasajeros, conductor y ayudante del bus intermunicipal. Luego huyen corriendo en zona rural de Madrid. Sus rostros quedaron registrados en la cÃ¡mara de video.



| Asaltada buseta que cubrÃ­a la ruta ZipaquirÃ¡-FacatativÃ¡ a la altura de la variante de Madrid.
Detalles de la noticia…
Posted by Rodrigo Avila Osorio on Monday, December 30, 2019


","Roban un bus intermunicipal en la variante de Madrid, occidente de la Sabana de BogotÃ¡"
"
LlegÃ³ el momentoÂ de los balances en las alcaldÃ­as y gobernaciones. De hecho, poco a poco, se despiden unos y llegan otros. Prueba de ello fue que Juan Carlos LÃ³pez se posesionÃ³ como nuevo alcalde de PopayÃ¡n. AsÃ­ quedÃ³ en evidencia en medio de una ceremonia.
El nombramiento tomÃ³ por sorpresa a algunos que no sabÃ­an de su elecciÃ³n. Y es que mÃ¡s de uno trajo a colaciÃ³n su pasado. Prueba de ello fue que se hablÃ³ sobre su fallido paso por la presidencia del club bogotano, Millonarios FÃºtbol Club.
Recordemos que, en 2002, Juan Carlos LÃ³pez llegÃ³ como tesorero de la junta directiva delÂ equipo capitalino. Luego, en 2004, asumiÃ³ como presidente del conjunto embajador. Sin embargo, su balance no fue el mejor.
DespuÃ©s de ocho aÃ±os, se despidiÃ³, dejando al cuadro azul en una crisis econÃ³mica crÃ­tica. No en vano, muchos catalogan esa Ã©poca como la peor de la historia. Y es que, incluso, pelearon por no descender.
En el 2017,Â Juan Manuel Santos nombrÃ³ a Juan Carlos LÃ³pez para dirigir el Instituto Colombiano de Bienestar Familiar (Icbf) en reemplazo de Cristina Plazas. No obstante, ante las duras crÃ­ticas por su pasado en Millonarios, decidiÃ³ no aceptar el cargo.
Ahora, en un acto protocolario celebrado en el Parque Caldas tiene una nueva oportunidad. AllÃ­, no solo se posesionÃ³, sino que ademÃ¡s revelÃ³ losÂ nombres de los funcionarios que estarÃ¡n en las secretarÃ­as.
Por Ãºltimo, expresÃ³ que trabajarÃ¡ en conjunto con el gobernador electo ElÃ­as Larrahondo. Asimismo, buscarÃ¡ el beneficio para los habitantes. Eso sÃ­, los invitÃ³ a dejar de lado los odios y buscar el bien comÃºn.
Siga aÂ PublimetroÂ Colombia en Google News
TambiÃ©n le puede interesar:


@import url(https://fonts.googleapis.com/css?family=Fira+Sans:300,400,400i,600);@import url(https://assets.metrolatam.com/assets/oembed.css?v=BS12);

","Â¡No es inocentada! Juan Carlos LÃ³pez, de presidente de Millonarios a nuevo alcalde de PopayÃ¡n"
"
La versiÃ³n de âDespacitoâ de Luis Fonsi, Daddy Yankee y Justin Bieber fue presentada este lunes por la organizaciÃ³n Billboard como la canciÃ³n en espaÃ±ol mÃ¡s importante de esta dÃ©cadaÂ en una lista de 10 tÃ­tulos, seguida por una bachata, por otros siete temas de reguetÃ³n y por una salsa.Â âDespacitoâ es el mejor tema latino de la dÃ©cada, segÃºn Billboard.
El tema, escrito por el puertorriqueÃ±o Fonsi y la panameÃ±a Erika Ender, tambiÃ©n alcanzÃ³ el noveno lugar entre las 100 canciones mÃ¡s importantes en general de la dÃ©cada.
El segundo tema latino mÃ¡s importante de la dÃ©cada paraÂ BillboardÂ -la mÃ¡s importante en mediciÃ³n de popularidad musical internacional- fue âPropuesta indecenteâ, la bachata de Romeo Santos que incluye acordes de tango y cuyo video fue filmado en Buenos Aires, con la apariciÃ³n de Eiza GonzÃ¡lez.
El tercero fue âEl PerdÃ³nâ, la colaboraciÃ³n con Enrique Iglesias que marcÃ³ el relanzamiento de la carrera internacional de Nicky Jam. El cuarto, tambiÃ©n a cargo del artista espaÃ±ol, fue âBailandoâ, la exitosa canciÃ³n que ademÃ¡s lleva la firma de los cubanos Descemer Bueno y Gente de Zona.

The top Latin songs of the decade ð¼
See the full chart here: https://t.co/T8z31w2xHz pic.twitter.com/oOFFnPkTow
— billboard (@billboard) December 30, 2019

âMÃ­aâ, de Bad Bunny y Drake, fue seÃ±alada como la quinta canciÃ³n de la dÃ©cada, seguida por âHasta el amanecerâ, de Nicky Jam. âGinzaâ, de J Balvin, se situÃ³ en el sÃ©ptimo lugar. En el octavo estÃ¡ la salsa de Marc Anthony âVivir mi vidaâ. En el noveno, el remix de âMi genteâ, en el que Willy William y J Balvin fueron acompaÃ±ados por BeyoncÃ©.
En el dÃ©cimo lugar de las canciones mÃ¡s importantes de la dÃ©cada,Â BillboardÂ colocÃ³ el remix de âTe botÃ©â, de Casper MÃ¡gico, con Bad Bunny, Darell, Ozuna y Nio GarcÃ­a, tema que ademÃ¡s lleva el video mÃ¡s visto de 2019.
Para conformar sus listas,Â BillboardÂ usa mediciones de ventas, âstreamingsâ y difusiones radiales, por lo que Nicky Jam, que tiene tres canciones en el listado, serÃ­a el artista mÃ¡s influyente, seguido por Enrique Iglesias, Bad Bunny y J Balvin, con dos cada uno.
En la lista estuvieron ausentes temas de pop, baladas, rock o del llamado movimiento independiente, entre otros gÃ©neros. Con excepciÃ³n de BeyoncÃ©, ninguna mujer aparece en la lista de las 10 canciones en espaÃ±ol mÃ¡s importantes de la dÃ©cada.

PARA MÃS INFORMACIÃN DE COLOMBIA Y EL MUNDO,Â AQUÃÂ 
","âDespacitoâ es el mejor tema latino de la dÃ©cada, segÃºn Billboard"
"
La imagen desatÃ³ la polÃ©mica y la rabia entre algunos de sus seguidores. Â¿Jessi Uribe se burlÃ³ de su exesposa con una publicaciÃ³n en redes?
Uno de los divorcios mÃ¡s sonados del aÃ±o fue el de Jessi Uribe y Sandra Barrios.
Esto debido a que se rumora que este acabÃ³ por una presunta infidelidad del cantante con Paola Jara.
Aunque esto no se ha confirmado, a los cantantes sÃ­ los han visto comprometidos en varias situaciones.
Entre ellas un viaje a Disney y fotos y videos abrazados y tomados de la mano.
Barrios no se ha referido mucho al tema en redes, y parece que ha tratado de mantener una relaciÃ³n cordial con Uribe.
Sin embargo una publicaciÃ³n de Jessi ha puesto en duda quÃ© tan amigos son.
Lo cierto es que la exesposa del cantante publicÃ³ una historia hace algunos dÃ­as.
AllÃ­ aparecÃ­a su mano con un gran anillo y el mensaje decÃ­a que estaba comprometida con Dios.
 Captura de pantalla Instagram 
Ahora Uribe publicÃ³ una historia muy parecida, de hecho tiene el mismo mensaje.
""Comprometido"" dice la selfie de Jessi Uribe
Y en otraÂ historia aclarÃ³ que es con sus fanÃ¡ticos.
Esto causÃ³ que los internautas pensaran que el cantante popular se habrÃ­a burlado de su exesposa.
Y sin duda, mÃ¡s de uno de molestÃ³ por lo que hizo.
Â¿Jessi Uribe se burlÃ³ de su exesposa con una publicaciÃ³n en redes?

  ",Â¿Jessi Uribe se burlÃ³ de su exesposa con una publicaciÃ³n en redes?
"
El grupo Gisaico, que construyÃ³ el Puente Chirajara que se desplomÃ³ enÂ enero de 2018, harÃ¡ un crucial intercambiador vial en el occidente de MedellÃ­n.
Hay polÃ©mica en MedellÃ­n por la construcciÃ³n del intercambiador vial de la calle 80 y la calle Colombia. La obra, parte del trabajo para el proyecto del tranvÃ­a de la calle 80, serÃ¡ ejecutada por el grupo Gisaico.Â Esta empresa constructora estÃ¡ en serios problemas: su obra mÃ¡s famosa es el puente Chirajara, que colapsÃ³ el 15 de enero de 2018.
SegÃºn la Empresa de Desarrollo Urbano (EDU) de MedellÃ­n, la obra empezÃ³ el pasado mes de noviembre. Se espera que el intercambiador sea entregado en el primer semestre de 2021. La decisiÃ³n fue criticada, peroÂ la entidad defendiÃ³ la propuesta en diÃ¡logo con Blu Radio.
""Nosotros adelantamos un proceso de selecciÃ³n en el mes de agosto â septiembre. Fue un proceso de selecciÃ³n en el que se recibieron 4 propuestas y la empresa Gisaico obtuvo el mayor puntaje. El proceso fue evaluado dos veces y en ambas esta compaÃ±Ã­a obtuvo el mayor puntaje. Fue un proceso de selecciÃ³n pÃºblicoâ, explicÃ³ Luis GarcÃ­a, director de contrataciÃ³n de la EDU.
Aunque se considerÃ³ lo ocurrido en el Puente Chirajara, esto no fue Ã³bice para entregar el contrato. ""Uno de los otros participantes en la licitaciÃ³n cuestionÃ³ el hecho del puente Chirajara y nosotros consultamos que la empresa no tuviera ninguna sanciÃ³n ni tela de juicio para contratarla (â¦) JurÃ­dicamente es imposible restar o presumir incumplimiento o mala fe y negarle la posibilidad de adjudicar. Fue la empresa que obtuvo el mayor puntajeâ, finalizÃ³ explicando GarcÃ­a.
MÃ¡s noticias de MedellÃ­n y Colombia aquÃ­
",Constructora del caÃ­do Puente Chirajara harÃ¡ un puente en MedellÃ­n
"
MÃ¡xima tensiÃ³n es lo que se vive en el paÃ­s Ã¡rabe ya que miles de manifestantes atacan e intentan ingresar a embajada de EEUU en Bagdad.
De acuerdo a los reportes, miles de manifestantes lograron penetrar el muro exterior que protege el complejo donde se ubica la embajada de Estados Unidos, como parte de una protesta en contra de los recientes los recientes bombardeos estadounidense sobre una milicia iraquÃ­ respaldada por IrÃ¡n.
Las fuerzas norteamericanas dispararon bombas lacrimÃ³genas, luego de que los manifestantes, muchos de ellos milicianos, traspasaran el muro exterior del recinto. AdemÃ¡s, una de las torres de vigilancia del muro externo fue incendiada.
Los manifestantes estÃ¡n vestidos con el uniforme de combatientes de lasÂ Fuerzas de MovilizaciÃ³n Popular, una coaliciÃ³n de paramilitares dominada por facciones chiitas proiranÃ­es a la que pertenecen las brigadas de Hezbollah. Algunas mujeres con banderas iraquÃ­es y de las Fuerzas de MovilizaciÃ³n Popular tambiÃ©n participan en la protesta.
Entre las pancartas que se ven en el lugar, destacan textos como : ""El Parlamento debe expulsar a las tropas estadounidenses, si no, nosotros las echaremos"" y ""Cierren la embajada estadounidense de Bagdad"".

[ACTUALIZACIÃN] EvacÃºan a personal diplomÃ¡tico de la Embajada de Estados Unidos en Bagdad tras el asalto de manifestantes de la milicia chiita en Irak. 
MÃ¡s detalles: https://t.co/LoNa8ZqSoN pic.twitter.com/rocP3rSuQM
— Voz de AmÃ©rica (@VOANoticias) December 31, 2019

PARA MÃS INFORMACIÃN DE COLOMBIA Y EL MUNDO, AQUÃÂ 
",Miles de manifestantes atacan e intentan ingresar a embajada de EEUU en Bagdad
"
Considerado como uno de los hombres mÃ¡s guapos y sexys del mundo,Â Zac Efron, estuvo hace pocoÂ en grave peligro deÂ muerte. El estadounidense fue vÃ­ctima de una grave infecciÃ³n mientras filmaba su nuevo programa de televisiÃ³n en PapÃºa Nueva Guinea.Â Zac Efron estuvo al borde la muerte Â¿QuÃ© le pasÃ³?
El ex interprete de High School Musical estaba filmando una serie documental llamadaÂ âKilling Zac Efronâ, cuando se enfermÃ³ de una forma de tifoidea o una infecciÃ³n bacteriana similar, justo antes de Navidad.
 
Fiebre de tifoidea
La fiebre tifoidea provoca una bacteria llamaÂ salmonella typhi, puede seÂ potencialmente mortal si no es tratada a tiempo.Â Efron fue llevado a Brisbane, Australia, en un vuelo de vida o muerte,Â mientras era custodiando por un equipo de mÃ©dicos que se asegurÃ³Â queÂ llegarÃ¡ con vida al hospital.
La condiciÃ³n de Zac efron se estabilizÃ³ a los pocos dÃ­as, y luego de recibir los cuidados especializados, fue dado de alta por los mÃ©dicos australianos.Â El actor, de hecho, pudo volver a Estados Unidos en la vÃ­spera de Navidad.
El actor de Hollywood volÃ³ a PapÃºa Nueva Guinea a principios de diciembre para filmar âKilling Zac Efronâ. La serie seguirÃ¡ a Efron a medida que se adentraÂ âen la selva de una isla remota y peligrosa, quedando completamente aislado durante 21 dÃ­asâ, segÃºn The Hollywood Reporter.
âTiendo a prosperar en circunstancias extremas y a buscar oportunidades que me desafÃ­en en todos los niveles"", dijo Efron sobre el show antes de viajar, en noviembre pasado. Y agregÃ³: âEstoy emocionado de explorar cualquier territorio inexplorado y descubrir quÃ© aventura inesperada me espera"".
âKilling Zac Efronâ se transmitirÃ¡ en Quibi, una plataforma de video mÃ³vil de formato corto.
PARA MÃS INFORMACIÃN DE COLOMBIA Y EL MUNDO, AQUÃÂ 
",Zac Efron estuvo al borde la muerte Â¿QuÃ© le pasÃ³?
"
Luis SÃºarez aprovechÃ³ el parÃ³n invernal para renovar sus votos junto a su pareja SofÃ­a Balbi y celebrar 10 aÃ±os de su matrimonio en los que la pareja vive felizmente casada en compaÃ±Ã­a de sus tres hijos.
Como parte de la celebraciÃ³n, el atacante del Barcelona se dio el lujo de invitar en su natal Uruguay a compaÃ±eros y amigos de profesiÃ³n como Diego Lugano, Lionel Messi, Neymar, Jordi Alba, Sergio Busquets entre otros, para asÃ­ conformar un total de 160 invitados en la celebraciÃ³n del 'pistolero'.
Los momentos clave de la noche en la fiesta de Luis SuÃ¡rez, fueron las presentaciones musicales de la cantante colombiana Karol G, quien fue la encargada de abrir musicalmente el show, seguido de su novio Anuel AA, quien continuÃ³ poniÃ©ndole sabor a la noche de SuÃ¡rez y los invitados que felizmente disfrutaron el gran momento del uruguayo.
Sin embargo, el momento mÃ¡s destacado de la noche fue la presentaciÃ³n del grupo de cumbia argentino Damas Gratis, liderado por Pablo Lescano, quien es uno de los grandes referentes de dicho gÃ©nero en toda latinoamerica y quien a travÃ©s de sus redes sociales presumiÃ³ una foto junto a Lionel Messi, con quien tiene una gran amistad al igual que con Sergio el 'Kun' AgÃ¼ero.

ATR pic.twitter.com/8rZmHC2Tb0
— Pablo Lescano (@pablitolescano) December 27, 2019


Que noche la de anoche perri pic.twitter.com/7DHW9KNv7b
— Pablo Lescano (@pablitolescano) December 27, 2019


maia y agustin viendo el show de karol g en el casamiento de Luis SuÃ¡rez ðºð¾ pic.twitter.com/TlTI78vJVE
— marsaurio (@hereformai) December 27, 2019


Anoche cantÃ³ @KarolGmusic en la renovaciÃ³n de votos de @LuisSuarez9 y #SofiaBalbi. En las pantallas aparecÃ­an fotos de ellos durante las canciones. #LuisYSofia. pic.twitter.com/SEkGawMYS4
— jorge parietti (@jorgeparietti) December 27, 2019


@KarolGmusic y @Anuel_2bleA en la renovacion de Votos Matrimonial de @LuisSuarez9 y Sofia Balbi!! ðLos bebesitossssâ¨â¨â¨ pic.twitter.com/qiGy0ciLqT
— Access Karol Gð¦ (@KarolGaccess) December 27, 2019

PARA MÃS INFORMACIÃN DE COLOMBIA Y EL MUNDO, AQUÃÂ 
","Karol G, Anuel AA y Damas Gratis convivieron con Messi y Luis SuÃ¡rez en aniversario de bodas del uruguayo"
"
La licencia de conducciÃ³n en 2020Â tendrÃ¡ un cambio que beneficiarÃ¡ a varios colombianos.
El Gobierno nacional adelanta una serie de cambios en el proceso y emisiÃ³n de la licencia de conducciÃ³n en 2020. Un cambio de gran relevancia serÃ¡ la medida de cambio de sexo en la licencia. TambiÃ©n se podrÃ¡ tramitar en las tarjetas de propiedad.
Esto estarÃ¡ destinado, segÃºn Blu Radio, para las personas trans que cambien de sexo en sus documentos. Anteriormente el cambio no se podÃ­a hacer, pero a partir de mediados del prÃ³ximo aÃ±o, este cambio serÃ­a posible. Se estima que en 2019 hicieron este cambio de sexo en documentos 351 personas.
La propuesta busca que quienes hacen el trÃ¡mite de cambio de sexo puedan actualizar sus datos en el Registro Ãnico Nacional de TrÃ¡nsito (Runt). Dos dÃ­as hÃ¡biles despuÃ©s, podrÃ¡n acercarse a una oficina de trÃ¡nsito y solicitar el cambio de la licencia de conducciÃ³n en 2020. Este cambio tendrÃ¡ un costo de 105.000 pesos, a las tarifas actuales.
El mismo trÃ¡mite se podrÃ¡ hacer con la tarjeta de propiedad de los automÃ³viles o motocicletas. DespuÃ©s de actualizar los datos en el Runt, deberÃ¡n acercarse a una oficina de trÃ¡nsito para solicitar un duplicado de la tarjeta de propiedad. Este tendrÃ¡ los mismos efectos legales del documento original. Se calcula que su costo sea cercano a $150.000.
La norma, que podrÃ­a tambiÃ©n tener implicaciones en la modificaciÃ³n del proceso para sacar la licencia de conducciÃ³n en 2020 de motocicletas, se presentarÃ­a de manera definitiva en enero.
MÃ¡s noticias de Colombia aquÃ­
 
",Los cambios que tendrÃ¡ la licencia de conducciÃ³n en 2020
"
Con graves quemaduras en cara y cuerpo resultaron una mujer y su hija de tres, luego de que el exesposo de la vÃ­ctima, rociara con gasolina el cuarto en donde las dos mujeres dormÃ­an.
Los hechos se dieron en el municipio de Tello, en el departemento del Huila. En la madrugada de este martes Jessica Alejandra GÃ³mez fueron atacadas por el exesposo de la vÃ­ctima, que decidiÃ³ prender fuego al cuarto en donde dormÃ­an.
âEl hombre con gasolina procede a rociar el sitio donde se encontraba la seÃ±ora y le prende fuego. Como resultado de esta situaciÃ³n se encuentra con quemaduras de tercer grado:Â la seÃ±ora en la zona del rostro y del tÃ³rax y ocasionÃ¡ndole lesiones a una menor de 3 aÃ±os en las piernasâ,Â asegurÃ³ el coronel NÃ©stor Javier FlÃ³rez Perdomo, comandante (e) de la policÃ­a del Huila.
El delincuente huyÃ³ en una moto y es buscado por las autoridades. El intento de homicidio y feminicidio se dio luego de meses de que la mujer terminara su relaciÃ³n con el hombre, que serÃ­a violento.
Las autoridades indicaron que esta serÃ­a una de las causas, pero la realidad es que no hay ningÃºn motivo para la violencia.
âEste ataque se tratarÃ­a de una situaciÃ³n de violencia intrafamiliar, se habÃ­an separado hace algunos meses,Â habÃ­an algunos hechos que habÃ­an sido puestos en conocimiento ante la comisarÃ­a y pues estamos en la indagaciÃ³n pero todo al parecer se da por situaciones pasionales, violencia intrafamiliarâ, sostuvo el coronel.
Ahora, las mujeres deberÃ¡ pasar AÃ±o Nuevo en el Hospital Universitario Hernando Moncaleano de Neiva, en donde son atendidas.
",Hombre intentÃ³ matar a su exesposa e hija de 3 aÃ±os con gasolina
"
Duque hablÃ³ con Juan Fernando Quintero y le prometiÃ³ ayuda y apoyo.
El nuevo comandante del EjÃ©rcito colombiano, general Eduardo Zapateiro, asumiÃ³ este lunes el cargo en medio de una controversia con la familia del futbolista Juan Fernando Quintero, del club argentino River Plate, por la desapariciÃ³n de su padre ocurrida hace 25 aÃ±os.
Sin embargo, el acto estuvo marcado por la polÃ©mica con la familia de Quintero, que considera que Zapateiro puede tener la respuesta sobre el destino que corriÃ³ su padre, Jaime Enrique Quintero Cano, desaparecido en marzo de 1995 en el departamento de Antioquia (noroeste) cuando prestaba el servicio militar.
TÃ­os del futbolista dijeron que en la Ã©poca, Quintero Cano hacÃ­a parte de la IV Brigada del EjÃ©rcito, con sede en MedellÃ­n, y fue trasladado a la XVII Brigada, en la localidad de Carepa, y bajo el mando del entonces capitÃ¡n Zapateiro, a quien piden explicaciones sobre el paradero del recluta.
Quintero por su parte, afirmÃ³ en su cuenta de Twitter que es ""ajeno a las declaraciones"" de sus tÃ­os pero en cualquier caso quiere saber quÃ© pasÃ³ con su padre, que ""lleva mÃ¡s de 24 aÃ±os desaparecido y no sabemos todavÃ­a quÃ© aconteciÃ³ con Ã©l, dÃ³nde estÃ¡ o dÃ³nde se fue"".
Ante esto, el presidente IvÃ¡n Duque hablÃ³ con el futbolista de River Plate y le ofreciÃ³ su ayuda con respecto a los hechos. AsegurÃ³ que no sabÃ­a sobre los hechos y que propiciÃ³ una reuniÃ³n con el comandante.
âYo quisiera ser prudente en esto. Yo ya hablÃ© con Ã©l (Quintero),Â pero no quiero hacer de esa conversaciÃ³n un diÃ¡logo polÃ­tico. Le tengo gran admiraciÃ³n y me parece que es uno de los grandes deportistas que tiene ColombiaÂ (â¦) HablÃ© con Ã©l y le dije que tendrÃ¡ todo el apoyo del Gobierno para que se pueda esclarecer esa situaciÃ³nâ, seÃ±alÃ³.
NOTICIAS:Â Duque hablÃ³ con Juan Fernando Quintero y le prometiÃ³ ayuda y apoyo.
Las declaraciones de Quintero:
""Tengo el derecho como hijo a saber quÃ© pasÃ³ con mi padre y eso es lo que quiero saber, porque he sufrido y he visto mi familia sufrir problemas sociolÃ³gicos y mentales y la ausencia de mi papÃ¡ siempre; estÃ¡ el vacÃ­o y lo siento a diario (…) Solo quiero saber que pasÃ³"", manifestÃ³.
El delantero del River Plate y de la selecciÃ³n colombiana de fÃºtbol agregÃ³ que no quiere sacar provecho del nombramiento del general Zapateiro y que respeta al EjÃ©rcito, ""pero espero y aspiro a tener un diÃ¡logo muy pronto y saber quÃ© pasÃ³…"".
Al ser preguntado por las manifestaciones del futbolista, el general dijo a periodistas al concluir la ceremonia oficial que estÃ¡ dispuesto a hablar con Quintero.
""Me uno al sentimiento y al dolor de la familia Quintero, decirle a Juan Fernando Quintero que tambiÃ©n lo respeto, que eres nuestro Ã­dolo futbolista y que las puertas de mi comando en el EjÃ©rcito estarÃ¡n abiertas para ti y tu familia"", expresÃ³ el general.
NOTICIAS:Â Duque hablÃ³ con Juan Fernando Quintero y le prometiÃ³ ayuda y apoyo.
",Duque hablÃ³ con Quintero sobre el desaparecimiento de su papÃ¡
"
El actor brasileÃ±o Fabio Porchat, uno de los lÃ­deres del grupo humorÃ­stico Porta dos Fundos, cuya productora fue atacada con cÃ³cteles molotov en medio de la polÃ©mica generada por el filme en que presentÃ³ a Jesucristo como homosexual, justificÃ³ este martes el derecho a bromear con la religiÃ³n.
""Siento informarles, pero con la religiÃ³n se puede bromear, sÃ­. Con cualquiera. Se puede bromear con religiÃ³n, con fÃºtbol, con polÃ­tica, con mi madre, con el Detran (Departamento de TrÃ¡nsito), con lo que usted quiera. Eso no lo digo yo. Lo dice la ConstituciÃ³n brasileÃ±a"", afirmÃ³ Poechat en una columna publicada hoy en el diario O Globo, uno de los mÃ¡s influyentes del paÃ­s.
El humorista justificÃ³ de esa forma el Especial de Navidad producido por Porta dos Fundos este aÃ±o y disponible desde hace un mes en la plataforma Netflix, que ha sido blanco de numerosas crÃ­ticas de iglesias catÃ³licas y cristianas.
En el filme de 46 minutos que desatÃ³ la ira de algunos pastores evangÃ©licos, el grupo, que ya habÃ­a protagonizado polÃ©micas por otros abordajes satÃ­ricos sobre asuntos religiosos, relata las peripecias de JesÃºs para presentarle a su familia a su novio.
La polÃ©mica generada por el filme ganÃ³ una nueva dimensiÃ³n el martes pasado luego de que la sede de la productora del grupo humorÃ­stico en RÃ­o de Janeiro fuera atacada con cÃ³cteles molotov por desconocidos.
""Usted no bromea con la religiÃ³n y yo respeto eso. Pero su ley personal no puede valer para mÃ­, para mi madre, para el Dentran… Como usted viva su vida es problema suyo, como yo vivo la mÃ­a, es mÃ­o"", afirmÃ³ el humorista en su columna.
SegÃºn Porchat, ""las sÃ¡tiras son fundamentales para que una sociedad democrÃ¡tica (como, por acaso, aÃºn es Brasil) pueda reÃ­rse de sÃ­ misma"".
El humorista agregÃ³ que la libertad de expresiÃ³n es una cosa ""nueva"" para los brasileÃ±os, tras la dictadura que el paÃ­s sufriÃ³ entre 1964 y 1985, y ""aÃºn estamos aprendiendo a lidiar con ella. Pero la libertad de expresiÃ³n no existe tan sÃ³lo para usted, ya que tambiÃ©n existe para quien piensa diferente a usted"".
AgregÃ³ que, por la ley brasileÃ±a, satirizar la Biblia no es contra la ley, como sÃ­ lo es patear una imagen de la Virgen (como lo hizo un pastor evangÃ©lico hace algunos aÃ±os) y depredar templos de religiones afrobrasileÃ±as (como ocurre recurrentemente).
""Arrojarle un cÃ³ctel molotov a una productora porque no le gustÃ³ lo que produjo es contra la ley. Y, entiÃ©ndalo, bromear con la imagen de Dios no es intolerancia. Intolerancia es no querer dejar que bromeen e impedirle a alguien profesar su fe o creer en lo que quiera creer. Porque existen varias religiones. Â¿Lo sabÃ­a?"", afirmÃ³.
AgregÃ³ que Porta dos Fundos produjo desde 2013 programas especiales de Navidad si ninguna reacciÃ³n violenta hasta ahora.
Â¿Por quÃ© serÃ¡ que en 2019 algunas personas se sintieron libres para lanzarle cÃ³cteles molotov a nuestra puerta? Â¿QuÃ© cambiÃ³ especÃ­ficamente este aÃ±o para que las personas tuvieran esa audacia justamente ahora? Yo tengo una sospecha"", agregÃ³ el humorista en referencia al ambiente polÃ­tico polarizado en Brasil.
El diputado Eduardo Bolsonaro, hijo del presidente de Brasil, el ultraderechista Jair Bolsonaro, llegÃ³ a calificar la producciÃ³n de Porta dos Fundos de ""basura"" y a sus creadores de ""personas que no representan a la sociedad brasileÃ±a"".
El Congreso tambiÃ©n ha reaccionado despuÃ©s de que una comisiÃ³n de la CÃ¡mara de Diputados decidiÃ³ convocar a los representantes de Netflix en el paÃ­s suramericano para que ofrezcan explicaciones sobre la obra, aunque aÃºn no hay fecha para tal comparecencia.
Porta dos Fundos fue galardonado el mes pasado con el premio a la mejor comedia en la 47 ediciÃ³n de los Emmy Internacional, por su especial de Navidad de 2018, en el que la historia versa sobre doce apÃ³stoles afectados por una noche de alcohol en busca de Jesucristo.
SegÃºn Porchat, el especial de Navidad de Porta dos Fundos de este aÃ±o permitiÃ³ que ""cucarachas, ratas y monstruos"" salieran del agujero en que estaban escondidas.
""Viva el humor. Viva la libertad de expresiÃ³n. Viva la tolerancia. Y, Â¿por quÃ© no?, viva JesÃºs"", concluyÃ³.
",HablÃ³ humorista que interpretÃ³ a JesÃºs como homosexual en Netflix
"
Para cerrar su temporada 2019, la Casa del Teatro Nacional presenta una de sus Ãºltimas obras, que contarÃ¡ con cinco fechas Ãºnicas: la primera fue ayer y las demÃ¡s irÃ¡n hasta el 21 de diciembre.
Este proyecto escÃ©nico es escrito y dirigido por Johan Velandia, ganador de la Beca de CreaciÃ³n Teatral 2019 del Ministerio de Cultura, y reflexiona sobre la normalizaciÃ³n de la muerte y la violencia en LatinoamÃ©rica.
La obra estÃ¡ atravesada por dos planos. Primero, la barbarie que ha reinado en el Valle del Cauca y Buenaventura por la guerra entre bandas criminales que aÃºn sigue cobrando vidas y desplazamiento. Segundo, el espacio simbÃ³lico de la familia, âla casaâ y el plano mÃ¡gico y espiritual que hacen que las historias reales adquieran un tinte de ficciÃ³n y supersticiÃ³n.

37Â Â Mil pesos, el precio desde el cual se puede adquirir la boleterÃ­a para Rojo a travÃ©s de los diferentes canales de compra del Teatro

Esta puesta en escena recuenta los momentos en que la violencia se convierte en cotidianidad y se refleja en acciones, como un registrador que bautiza a su antojo, un helicÃ³ptero que limpia la selva para hacer carreteras, el culto a la muerte, la brujerÃ­a, las fronteras invisibles, es la conducta del silencio, la primera comuniÃ³n con la guerra o la Patasola que visita una casa de espectros. La obra, al final, es descrita por el Teatro Nacional como âuna apologÃ­a estÃ©tica de la deshumanizaciÃ³n en que ha sumido la violencia a pueblos latinoamericanosâ.
 
Encuentre mÃ¡s de PUBLIMETRO enÂ Google Noticias, aquÃ­
 
",Rojo: reflexiones desde el teatro sobre la violencia en LatinoamÃ©rica
"
En el Ãºltimo dÃ­a del aÃ±o, el presidente IvÃ¡n Duque concediÃ³ entrevista a la emisora Blu Radio. Ricardo Ospina y su mesa de trabajo le preguntaron a Duque por todos los asuntos que son tendencia en el paÃ­s.
Ospina le preguntÃ³ por reformas pensionales, por la polÃ©mica de Juan Fernando Quintero y el nuevo comandante de las Fuerzas armadas.
El periodista le preguntÃ³ sobre los rumores de cambios en los ministerios que se prevÃ©n para el 14 de enero.
Ospina le preguntÃ³ concisamente si entrarÃ­an los partidos Cambio Radical y el Partido Liberal al Gobierno, por medio de ministerios para polÃ­ticos de esas colectividades.
Duque esquivÃ³ la pregunta y asegurÃ³ que tenÃ­a que agradecer a Cambio Radical por el apoyo a la reforma tributaria en el Congreso, pero ademÃ¡s dijo que el partido habÃ­a incluido grandes cosas en el proyecto.
Ante la insistencia de Ospina, Duque le soltÃ³ una pulla:
""Usted tiene doctorado en 'gabinetologÃ­a'. CÃ³mo no le vamos a agradecer a Cambio Radical, tienen personas muy valiosas. En el gabinete nuestro hay personas de partido, independientes. Siempre estaremos buscando personas quee independiente de su filiaciÃ³n polÃ­tica trabajen por el paÃ­s"", asegurÃ³ el presidente que dejÃ³ la puerta abierta para los rumores.
Cabe recordar que en plena campaÃ±a y reciÃ©n posesionado, Duque dijo que no repartirÃ­a 'mermelada' y que no accederÃ­a a las pretensiones de partidos que no fueran de Gobierno.
Ospina preguntÃ³ si Dilian Francisca Toro irÃ­a a parar al gabinete presidencial y el presidente se enojÃ³ y le dijo que le dejaba esas predicciones a Ã©l.
Duque asegurÃ³ en campaÃ±a que no cambiarÃ­asu gabinete como lo hizo Santos, que no entregarÃ­a 'mermelada' a los partidos para que le ayudaran en el Congreso, pero los usuarios en redes sociales dicen que ya empezÃ³.

Ya empezÃ³ con la mermelada que tanto le criticÃ³ a Santos. Jajajajajaj reparta dulce a los que le engrasaron esa reforma tributaria.
— Lina Margarita (@Marggelina) December 31, 2019


La gobernadora @DilianFrancisca serÃ­a la nueva ministra de Salud. MÃ©dica reumatÃ³loga experta en salud pÃºblica.No solo liderarÃ¡ la Cartera, tambiÃ©n facilitarÃ¡ la relaciÃ³n de La U con el Gobierno. pic.twitter.com/EtQ2sCfQ3u
— Javier Cormane (@JavierCormane) December 28, 2019

 
 
",Duque se puso bravo por pregunta sobre ministerios para Cambio Radical
"
El Gobierno colombiano puso este lunes en discusiÃ³n pÃºblica un proyecto de decreto con el que busca reanudar la aspersiÃ³n aÃ©rea de cultivos ilÃ­citos en 2020, iniciativa que considera importante para reducir el nÃºmero de hectÃ¡reas cultivada con coca.
""Para el Gobierno es importante contar con todas las herramientas"" para combatir las siembras de coca, dijo a Efe la ministra de Justicia, Margarita Cabello Blanco, al referirse a la posibilidad de volver a utilizar la aspersiÃ³n aÃ©rea con el herbicida glifosato.
En ese documento se desarrolla ""el control de los riesgos para la salud y el medio ambiente en el marco de la erradicaciÃ³n de cultivos ilÃ­citos mediante el mÃ©todo de aspersiÃ³n aÃ©rea"", dijo la funcionaria.
El pasado 2 de agosto, la Oficina de las Naciones Unidas contra la Droga y el Delito (Unodc) divulgÃ³ un informe segÃºn el cual los cultivos de coca se redujeron ligeramente en Colombia en 2018 al pasar de 171.000 hectÃ¡reas a 169.000, pero siguen en sus cifras mÃ¡s altas desde que comenzaron las mediciones.
Desde 2013 el Ã¡rea sembrada de coca fue en constante crecimiento en Colombia, segÃºn la Junta Internacional de FiscalizaciÃ³n de Estupefacientes (JIFE), hasta el punto de que la Casa Blanca dijo que en 2017 alcanzÃ³ un rÃ©cord de 209.000 hectÃ¡reas cultivadas.
HOJA DE RUTA
Las fumigaciones a las plantaciones de coca fueron suspendidas en 2015, durante la presidencia de Juan Manuel Santos, al acatar una sentencia de la Corte Constitucional basada en el argumento de que el herbicida puede ser cancerÃ­geno y causar daÃ±o al medio ambiente.
Posteriormente, en 2017, el alto tribunal suspendiÃ³ la fumigaciÃ³n aÃ©rea de cultivos ilÃ­citos pero dejÃ³ abierta la posibilidad de volver a autorizar el glifosato en la lucha antidrogas si el Gobierno cumplÃ­a seis exigencias sanitarias ambientales.
La ministra Cabello explicÃ³ que la radicaciÃ³n del documento se hizo para ""comentarios de la ciudadanÃ­a"" y que ""la publicaciÃ³n para comentarios del decreto no implica una reactivaciÃ³n automÃ¡tica de las actividades de aspersiÃ³n"".
El documento seÃ±ala que el seguimiento de los efectos ambientales serÃ¡ responsabilidad de la Autoridad Nacional de Licencias Ambientales (ANLA), en tanto que el Instituto Nacional de Salud (INS) responderÃ¡ por temas relacionados con la salud.
""El presidente Duque desde que se posesionÃ³ estÃ¡ empeÃ±ado en hacer una polÃ­tica integral contra el narcotrÃ¡fico conocida como 'Ruta Futuro', que es una polÃ­tica Ã­ntegra que ataca y enfrenta todos los eslabones de la cadena del narcotrÃ¡fico"", explicÃ³ la jefa de la cartera de Justicia.
HERRAMIENTA COMPLEMENTARIA
Cabello enfatizÃ³ que el ""proyecto de decreto que regula el control de los riesgos para la salud y el medio ambiente fue lo que presentamos hoy y lo colgamos en la pÃ¡gina del Ministerio"".
El documento estarÃ¡ disponible hasta el prÃ³ximo 30 de enero para que cualquier persona o entidad lo estudie y haga comentarios, y luego el Ministerio de Justicia evaluarÃ¡ ""si hay camino para modificar el decreto o no y luego se firmarÃ­a"".
""La reanudaciÃ³n de la aspersiÃ³n aÃ©rea, como una herramienta complementaria de la estrategia integral para la reducciÃ³n de los cultivos ilÃ­citos y de la producciÃ³n de drogas, serÃ¡ definida por el Consejo Nacional de Estupefacientes una vez se desarrolle la reglamentaciÃ³n que propone el proyecto de decreto"", detallÃ³ Cabello.
La iniciativa, agregÃ³ la funcionaria, tambiÃ©n tiene definidos los caminos para la presentaciÃ³n de quejas de quienes puedan resultar afectados con la aspersiÃ³n al igual que los mecanismos para solucionar ""posibles daÃ±os que se puedan presentar"".
""Eso va a ayudar mucho a dar tranquilidad al paÃ­s, para evitar riesgos a la salud y al medio ambiente"", apostillÃ³.
NO SOLO GLIFOSATO Y ASPERSIÃN
Para el Gobierno colombiano el poder tener una herramienta mÃ¡s eficaz para combatir los cultivos de coca no implica que solamente vaya a utilizar la fumigaciÃ³n con glifosato o con otro herbicida.
""La aspersiÃ³n aÃ©rea es importante porque ayuda junto a la erradicaciÃ³n manual y otros mecanismos a que avancemos mÃ¡s rÃ¡pidamente a lograr la meta que pide el Gobierno que es que para el 2022 hayamos disminuido en un 50 % las siembras de coca en el paÃ­s"", aclarÃ³ la ministra.
AdemÃ¡s, dijo, ""lo que tratamos de hacer ver a la comunidad y al paÃ­s es que mÃ¡s daÃ±o hace dejar que sigan aumentando los cultivos de coca en el paÃ­s que la aspersiÃ³n aÃ©rea con glifosato o con cualquier herbicida"".
Y es que para el Gobierno, el narcotrÃ¡fico genera daÃ±o desde todo punto de vista porque afecta a las comunidades, genera inseguridad, es motor de negocios ilÃ­citos, causa deforestaciÃ³n y desplazamientos de campesinos.
",Gobierno presenta proyecto de decreto de aspersiÃ³n aÃ©rea de cultivos ilÃ­citos
"
Esto costarÃ¡ la gasolina desde 1 de enero de 2020 en todo el territorio nacional.
El Ministerio de Minas y EnergÃ­aÂ  ya entregÃ³ la lista de los precios de los combustibles,Â  con los que tendrÃ¡n que lidiar los conductores del paÃ­s, desde este 1 de enero de 2020, en todo el territorio colombiano.
A pesar de todo lo que se esperaba y de que cada aÃ±o sube la gasolina, el MinMinas dejÃ³ el mismo valor de referencia del mes de noviembre, por lo que la gasolina no subirÃ¡, sino que se mantendrÃ¡.
El valor promedio de la gasolinaÂ serÃ¡ de 9.269 pesos.
Por el lado del ACPM sÃ­ habrÃ¡ un alza de $185. En el Meta, en Villavicencio, se cobrarÃ¡ la gasolina mÃ¡s cara del paÃ­s, a pesar de que el impasse del cierre de la VÃ­a al Llano ya fue superado.

Villavicencio pagarÃ¡ $9802 por galÃ³n de gasolina; $9500 por galÃ³n de ACPM.

En cambio, en Pasto, NariÃ±o, se seguirÃ¡ cobrando la gasolina mÃ¡s barata del paÃ­s y esto debido a que el contrabando de gasolina en la frontera, ha obligado a bajarle a los costos.

Pasto pagarÃ¡ $7339 por galÃ³n de gasolina; 7552 por galÃ³n de ACPM.

En BogotÃ¡, los precios se mantendrÃ¡n y seguiremos pagando una de las gasolinas mÃ¡s caras de todo el paÃ­s.

BogotÃ¡ pagarÃ¡ $9702 por galÃ³n de gasolina; $9456 por galÃ³n de ACPM.
MedellÃ­n pagarÃ¡ $9640 por galÃ³n de gasolina; $9465 por galÃ³n de ACPM.
Cali pagarÃ¡ $9718 por galÃ³n de gasolina; $9566 por galÃ³n de ACPM.
Barranquilla pagarÃ¡ $9404 por galÃ³n de gasolina; $9181 por galÃ³n de ACPM.

AquÃ­ estÃ¡ el listado completo de los precios de los combustibles que regirÃ¡ desde este miÃ©rcoles 1 de enero.
Esto costarÃ¡ la gasolina desde 1 de enero de 2020 en todo el territorio nacional.
Publicidad
FIN DE AÃO:Â Esto costarÃ¡ la gasolina desde 1 de enero de 2020 en todo el territorio nacional.
 
",Esto costarÃ¡ la gasolina desde el 1 de enero de 2020
"
Y sin duda, el video ha sido para risas. Daniela Ospina grabÃ³ a su novio en incÃ³modo momento.
Daniela Ospina y Harold JimÃ©nez no comparten mucho de su romance en redes sociales, aunque Ãºltimamente les han dejado ver a sus seguidores varios momentos de la misma.
La pareja parece estar pasando por uno de sus mejores momentos. AsÃ­ lo han mostrado en sus respectivas redes sociales.
El romance parece ir tan bien que incluso hay rumores de que estarÃ­an viviendo juntos.
Y ahora son tendencia por un gracioso momento que Ospina publicÃ³ en su cuenta de Instagram.
AllÃ­ se ve a su novio Harold durmiendo profundamente mientras viajan en automÃ³vil.
Hasta con la boca abierta estaba el productor.
Daniela Ospina grabÃ³ a su novio en incÃ³modo momento

  ",(Video) Daniela Ospina grabÃ³ a su novio en incÃ³modo momento
"
Los ladrones que dispararon a un hombre en motocicleta huyeron. La vÃ­ctima se debate entre la vida y la muerte.
El pasado 27 de diciembre,Â ladrones dispararon a un hombre en motocicleta que se movilizaba por el barrio El Amparo, en Kennedy.Â Los dos asaltantes amenazaron a su vÃ­ctima con un arma de fuego y luego le dispararon a quemarropa. AsÃ­ quedÃ³ registrado en un video de seguridad presentado por Noticias Caracol.
El hecho ocurriÃ³ a las 9:12 de la noche en el barrio El Amparo de la localidad de Kennedy. En el video se ve cÃ³mo un hombre en bicicleta y otro a pie se acercan a su vÃ­ctima. Los ladrones luego se le abalanzaron y, con un arma de fuego, el de la bicicleta lo amenazÃ³.
El otro le quitÃ³ el casco a su vÃ­ctima y empezaron a requisarlo, con la aparente intenciÃ³n de robarle el vehÃ­culo. A los 28 segundos de la grabaciÃ³n, se ve la detonaciÃ³n del arma de fuego. Los ladrones dispararon a un hombre en motocicleta, pero por el ruido decidieron huir.
El que iba a pie dejÃ³ botado el casco y saliÃ³ corriendo. El de la bicicleta huyÃ³ por las calles del sector. La vÃ­ctima del disparo tratÃ³ de prender su motocicleta para huir, pero quedÃ³ tendida en el suelo hasta que otra persona pasÃ³ en moto y llamÃ³ a las autoridades.
En el video se ve tambiÃ©n cÃ³mo llegan efectivos de la PolicÃ­a. Estos lo trasladaron al hospital de Kennedy, donde se encuentra en estado crÃ­tico.

MÃ¡s noticias de BogotÃ¡ y Colombia aquÃ­
","Video: por robarle un celular, asÃ­ dispararon a un hombre en motocicleta en el sur de BogotÃ¡"
"
Las lesiones nunca han sido ni serÃ¡n impedimento para Radamel Falcao GarcÃ­a. A pesar de las molestias fÃ­sicas que lo han marginado de las canchas, el samario ha respondido de gran manera. AsÃ­ quedÃ³ en evidencia en el estadio TÃ¼rk Telekom, donde se reportÃ³ en el marcador.Â (Encuentre mÃ¡s abajo el video de los golesÂ de Falcao GarcÃ­a con Galatasaray VS Antalyaspor por la fecha 17 de la Liga de TurquÃ­a)
El Tigre fue la gran vinculaciÃ³n del conjunto turco para la vigente temporada. Sin embargo, la poca cantidad de minutos no le ha permitido brillar como se esperaba. Eso sÃ­, los goles no han faltado. De hecho, en su debut con la camiseta de los leones, marcÃ³. Asimismo, el pasado 17 de diciembre por la Copa TurquÃ­a tambiÃ©n inflÃ³ las redes. Ahora, en la liga anotÃ³ en un partido bastante complicado.

â½ GOOOOOOOOLLL! ðª
â± 10â
ð @FALCAO! 
Galatasaray 1-0 Antalyaspor#GSvANT pic.twitter.com/OqdY6GVMfD
— Galatasaray SK (@GalatasaraySK) December 28, 2019


â½ GOOOOOOOOLLL! ðª
â± 28â
ð @FALCAO! 
Galatasaray 2-0 Antalyaspor#GSvANT pic.twitter.com/sussklVatO
— Galatasaray SK (@GalatasaraySK) December 28, 2019

Video de los goles de Falcao GarcÃ­a con Galatasaray VS Antalyaspor por la fecha 17 de la Liga de TurquÃ­a
Sumar los tres puntos era determinante para los dirigidos por Fatih Terim. RazÃ³n por la que, desde el pitazo inicial, fueron en busca del primer grito de gol de la noche. Fue asÃ­ como, a los 10 minutos, se abriÃ³ el marcador. Radamel Falcao GarcÃ­a cobrÃ³ de gran manera un disparo desde el punto penal que no logrÃ³ atajar el guardameta, Ruud Boffin, para el 1-0 parcial.

RADAMEL FALCAOOOO!ð¯ð¦ @FALCAO #GSvANT #Galatasaray https://t.co/4Psn8qA33R pic.twitter.com/QZdE9XpWi7
— Busre TunÃ§okâ­ï¸â­ï¸â­ï¸ð (@busretuncok) December 28, 2019

La noche parecÃ­a perfecta para el Tigre y asÃ­ fue. Sobre los 29 minutos, volviÃ³ rugir. Mariano Ferreira Filho, quien realizÃ³ una maravillosa jugada por la banda derecha, asistiÃ³ al delantero colombiano, quien, bajo el arco y con el arquero vencido, la empujÃ³ para el 2-0.

El segundo gol del partido de Falcao, vamos tigre! pic.twitter.com/ot4uiirtHd
— David Rivera (@juandavidriver8) December 28, 2019

Siga aÂ PublimetroÂ Colombia en Google News
TambiÃ©n le puede interesar:


@import url(https://fonts.googleapis.com/css?family=Fira+Sans:300,400,400i,600);@import url(https://assets.metrolatam.com/assets/oembed.css?v=BS12);

",Â¡Doble rugido! Falcao GarcÃ­a despidiÃ³ el 2019 anotando dos goles con Galatasaray contra Antalyaspor
"
El actor mexicano Edgar Vivar, celebrÃ³ con todo el tÃ­tulo del Monterrey en el torneo mexicano y asÃ­, elÂ SeÃ±or Barriga le perdonÃ³ la renta a Don RamÃ³n tras tÃ­tulo del Monterrey.
Esto luego que su equipo venciera en la final al AmÃ©rica en penales, en donde NicolÃ¡s Castillo fallÃ³ uno de los remates de las ""Ãguilas"".

MONTEREY FELICIDADES!!! pic.twitter.com/h7dHuBVKFi
— Edgar Vivar (@varedg) December 30, 2019

La victoria del ex elenco de Humberto Suazo fue festejado por Vivar, quien no solo compartiÃ³ una imagen de Ã©l con la camiseta del Monterrey, sino que subiÃ³ a sus redes sociales un nostÃ¡lgico recuerdo que emocionÃ³ a cientos de usuarios.
Â¿Por quÃ©? Porque colocÃ³ una escena del Chavo del 8 en donde el ""SeÃ±or Barriga"" le perdona la renta a ""Don RamÃ³n"", luego que este le dijera que ""yo le voy al Monterrey"".
La escena es una de las mÃ¡s recordadas del programa humorÃ­stico y es perfecta para retratar la pasiÃ³n futbolÃ­stica que caracterizaban a algunos actores reconocidos e histÃ³ricos de esta serie, que es recordada por varias generaciones y que ha transcendido a travÃ©s de ella.

A propÃ³sito de la final de fut hoy… pic.twitter.com/1vZK0d2geL
— Edgar Vivar (@varedg) December 29, 2019

PARA MÃS INFORMACIÃN DE COLOMBIA Y EL MUNDO, AQUÃÂ 
",SeÃ±or Barriga le perdonÃ³ la renta a Don RamÃ³n tras tÃ­tulo del Monterrey
"
La estafa de la que fue vÃ­ctima Tuti Vargas y hasta ahora revela.
El crecimiento de Tuti Vargas en redes sociales en 2019 es impresionante. El trabajo como influenciadora, modelo y con el desarrollo de su lÃ­nea de accesorios le saliÃ³ muy bien, pero no todo fue color de rosas.
En medio de este aÃ±o, la influenciadora anunciÃ³ que uno de sus sueÃ±os se cumplirÃ­an y que llegarÃ­a una marca de pestaÃ±ina y de iluminador con su nombre.
""Mucho ruido"", como dice la bogotana hizo en redes sociales con sus productos, pero al finalizar el aÃ±o no se conociÃ³ nada de los productos, lo que causÃ³ decepciÃ³n y preguntas a algunos que esperaban se respondieron.
En 2018, a la influenciadora le propusieron hacer una colaboraciÃ³n con una marca de maquillaje extranjera para tener productos 'By Tuti Vargas', pero las cosas no salieron a flote y la influenciadora terminÃ³ perdiendo plata en el proceso.
""Resulta que yo me puse a hacer ruido en redes sociales, que iba a llegar mi pestaÃ±ina, mi iluminador. Yo estaba sÃºper emocionada porque esto es un sueÃ±o para mÃ­, siempre lo ha sido. Y resulta que las coas nunca llegaron a Colombia. Los productos nunca llegaron yo estaba muy preocupada, mÃ¡s o menos preguntaba todos los dÃ­as y las respuestas de ellos es que por temas de la aduana… Etc"", seÃ±alÃ³ Vargas en uno de sus Ãºltimos videos del 2019.
La influenciadora pidiÃ³ perdÃ³n a sus seguidores porque nunca llegaron y asegurÃ³ que fue estafada.
""Yo les quiero pedir perdÃ³n por eso, porque hice un poco de ruido. Yo estaba muy emocionada y contenta, pero prÃ¡cticamente, suena muy fea esa palabra, en resumidas cuentas nos estafaron porque me quedaron debiendo una plata"", asegurÃ³ Vargas a sus seguidores.
FARÃNDULA:Â La estafa de la que fue vÃ­ctima Tuti Vargas y hasta ahora revela.

 
FarÃ¡ndula:Â La estafa de la que fue vÃ­ctima Tuti Vargas y hasta ahora revela.Â 
",La estafa de la que fue vÃ­ctima Tuti Vargas y hasta ahora revela
